event_id,true_action,top1_action,prediction_set,decision,chosen_action,committed
qkef-test-archive-0001,ARCHIVE,ARCHIVE,,QUARANTINE,,False
qkef-test-archive-0002,ARCHIVE,ARCHIVE,,QUARANTINE,,False
qkef-test-archive-0003,ARCHIVE,ARCHIVE,,QUARANTINE,,False
qkef-test-archive-0004,ARCHIVE,ARCHIVE,,QUARANTINE,,False
qkef-test-archive-0005,ARCHIVE,ARCHIVE,,QUARANTINE,,False
qkef-test-archive-0006,ARCHIVE,ARCHIVE,,QUARANTINE,,False
qkef-test-archive-0007,ARCHIVE,ARCHIVE,,QUARANTINE,,False
qkef-test-archive-0008,ARCHIVE,ARCHIVE,,QUARANTINE,,False
qkef-test-archive-0009,ARCHIVE,ARCHIVE,,QUARANTINE,,False
qkef-test-archive-0010,ARCHIVE,ARCHIVE,,QUARANTINE,,False
qkef-test-archive-0011,ARCHIVE,ARCHIVE,,QUARANTINE,,False
qkef-test-archive-0012,ARCHIVE,ARCHIVE,,QUARANTINE,,False
qkef-test-archive-0013,ARCHIVE,ARCHIVE,,QUARANTINE,,False
qkef-test-archive-0014,ARCHIVE,ARCHIVE,,QUARANTINE,,False
qkef-test-archive-0015,ARCHIVE,ARCHIVE,,QUARANTINE,,False
qkef-test-archive-0016,ARCHIVE,ARCHIVE,,QUARANTINE,,False
qkef-test-archive-0017,ARCHIVE,ARCHIVE,,QUARANTINE,,False
qkef-test-archive-0018,ARCHIVE,ARCHIVE,,QUARANTINE,,False
qkef-test-archive-0019,ARCHIVE,ARCHIVE,,QUARANTINE,,False
qkef-test-archive-0020,ARCHIVE,ARCHIVE,,QUARANTINE,,False
qkef-test-archive-0021,ARCHIVE,ARCHIVE,,QUARANTINE,,False
qkef-test-archive-0022,ARCHIVE,ARCHIVE,,QUARANTINE,,False
qkef-test-archive-0023,ARCHIVE,ARCHIVE,,QUARANTINE,,False
qkef-test-archive-0024,ARCHIVE,ARCHIVE,,QUARANTINE,,False
qkef-test-archive-0025,ARCHIVE,ARCHIVE,,QUARANTINE,,False
qkef-test-archive-0026,ARCHIVE,ARCHIVE,,QUARANTINE,,False
qkef-test-archive-0027,ARCHIVE,ARCHIVE,,QUARANTINE,,False
qkef-test-archive-0028,ARCHIVE,ARCHIVE,,QUARANTINE,,False
qkef-test-archive-0029,ARCHIVE,ARCHIVE,,QUARANTINE,,False
qkef-test-archive-0030,ARCHIVE,ARCHIVE,,QUARANTINE,,False
qkef-test-archive-0031,ARCHIVE,ARCHIVE,,QUARANTINE,,False
qkef-test-archive-0032,ARCHIVE,ARCHIVE,,QUARANTINE,,False
qkef-test-archive-0033,ARCHIVE,ARCHIVE,,QUARANTINE,,False
qkef-test-archive-0034,ARCHIVE,ARCHIVE,,QUARANTINE,,False
qkef-test-archive-0035,ARCHIVE,ARCHIVE,,QUARANTINE,,False
qkef-test-archive-0036,ARCHIVE,ARCHIVE,,QUARANTINE,,False
qkef-test-archive-0037,ARCHIVE,ARCHIVE,,QUARANTINE,,False
qkef-test-archive-0038,ARCHIVE,ARCHIVE,,QUARANTINE,,False
qkef-test-archive-0039,ARCHIVE,ARCHIVE,,QUARANTINE,,False
qkef-test-archive-0040,ARCHIVE,ARCHIVE,,QUARANTINE,,False
qkef-test-archive-0041,ARCHIVE,ARCHIVE,,QUARANTINE,,False
qkef-test-archive-0042,ARCHIVE,ARCHIVE,,QUARANTINE,,False
qkef-test-archive-0043,ARCHIVE,ARCHIVE,,QUARANTINE,,False
qkef-test-archive-0044,ARCHIVE,ARCHIVE,,QUARANTINE,,False
qkef-test-archive-0045,ARCHIVE,ARCHIVE,,QUARANTINE,,False
qkef-test-archive-0046,ARCHIVE,ARCHIVE,,QUARANTINE,,False
qkef-test-archive-0047,ARCHIVE,ARCHIVE,,QUARANTINE,,False
qkef-test-archive-0048,ARCHIVE,ARCHIVE,,QUARANTINE,,False
qkef-test-archive-0049,ARCHIVE,ARCHIVE,,QUARANTINE,,False
qkef-test-archive-0050,ARCHIVE,ARCHIVE,,QUARANTINE,,False
qkef-test-archive-0051,ARCHIVE,ARCHIVE,,QUARANTINE,,False
qkef-test-archive-0052,ARCHIVE,ARCHIVE,,QUARANTINE,,False
qkef-test-archive-0053,ARCHIVE,ARCHIVE,,QUARANTINE,,False
qkef-test-archive-0054,ARCHIVE,ARCHIVE,,QUARANTINE,,False
qkef-test-archive-0055,ARCHIVE,ARCHIVE,,QUARANTINE,,False
qkef-test-archive-0056,ARCHIVE,ARCHIVE,,QUARANTINE,,False
qkef-test-archive-0057,ARCHIVE,ARCHIVE,,QUARANTINE,,False
qkef-test-archive-0058,ARCHIVE,ARCHIVE,,QUARANTINE,,False
qkef-test-archive-0059,ARCHIVE,ARCHIVE,,QUARANTINE,,False
qkef-test-archive-0060,ARCHIVE,ARCHIVE,,QUARANTINE,,False
qkef-test-archive-0061,ARCHIVE,ARCHIVE,,QUARANTINE,,False
qkef-test-archive-0062,ARCHIVE,ARCHIVE,,QUARANTINE,,False
qkef-test-archive-0063,ARCHIVE,ARCHIVE,,QUARANTINE,,False
qkef-test-archive-0064,ARCHIVE,ARCHIVE,,QUARANTINE,,False
qkef-test-archive-0065,ARCHIVE,ARCHIVE,,QUARANTINE,,False
qkef-test-archive-0066,ARCHIVE,ARCHIVE,,QUARANTINE,,False
qkef-test-archive-0067,ARCHIVE,ARCHIVE,,QUARANTINE,,False
qkef-test-archive-0068,ARCHIVE,ARCHIVE,,QUARANTINE,,False
qkef-test-archive-0069,ARCHIVE,ARCHIVE,,QUARANTINE,,False
qkef-test-archive-0070,ARCHIVE,ARCHIVE,,QUARANTINE,,False
qkef-test-archive-0071,ARCHIVE,ARCHIVE,,QUARANTINE,,False
qkef-test-archive-0072,ARCHIVE,ARCHIVE,,QUARANTINE,,False
qkef-test-archive-0073,ARCHIVE,ARCHIVE,,QUARANTINE,,False
qkef-test-archive-0074,ARCHIVE,ARCHIVE,,QUARANTINE,,False
qkef-test-archive-0075,ARCHIVE,ARCHIVE,,QUARANTINE,,False
qkef-test-archive-0076,ARCHIVE,ARCHIVE,,QUARANTINE,,False
qkef-test-archive-0077,ARCHIVE,ARCHIVE,,QUARANTINE,,False
qkef-test-archive-0078,ARCHIVE,ARCHIVE,,QUARANTINE,,False
qkef-test-archive-0079,ARCHIVE,ARCHIVE,,QUARANTINE,,False
qkef-test-archive-0080,ARCHIVE,ARCHIVE,,QUARANTINE,,False
qkef-test-coexist-0001,COEXIST,COEXIST,COEXIST|NEW,QUARANTINE,,False
qkef-test-coexist-0002,COEXIST,COEXIST,COEXIST,AUTO_COMMIT,COEXIST,True
qkef-test-coexist-0003,COEXIST,COEXIST,COEXIST|NEW,QUARANTINE,,False
qkef-test-coexist-0004,COEXIST,COEXIST,COEXIST|NEW,QUARANTINE,,False
qkef-test-coexist-0005,COEXIST,COEXIST,COEXIST,AUTO_COMMIT,COEXIST,True
qkef-test-coexist-0006,COEXIST,COEXIST,COEXIST|NEW,QUARANTINE,,False
qkef-test-coexist-0007,COEXIST,COEXIST,COEXIST|NEW,QUARANTINE,,False
qkef-test-coexist-0008,COEXIST,COEXIST,COEXIST,AUTO_COMMIT,COEXIST,True
qkef-test-coexist-0009,COEXIST,NEW,COEXIST|NEW,QUARANTINE,,False
qkef-test-coexist-0010,COEXIST,COEXIST,COEXIST,AUTO_COMMIT,COEXIST,True
qkef-test-coexist-0011,COEXIST,COEXIST,COEXIST,AUTO_COMMIT,COEXIST,True
qkef-test-coexist-0012,COEXIST,NEW,COEXIST|NEW,QUARANTINE,,False
qkef-test-coexist-0013,COEXIST,COEXIST,COEXIST,AUTO_COMMIT,COEXIST,True
qkef-test-coexist-0014,COEXIST,NEW,COEXIST|NEW,QUARANTINE,,False
qkef-test-coexist-0015,COEXIST,COEXIST,COEXIST|NEW,QUARANTINE,,False
qkef-test-coexist-0016,COEXIST,COEXIST,COEXIST,AUTO_COMMIT,COEXIST,True
qkef-test-coexist-0017,COEXIST,NEW,COEXIST|NEW,QUARANTINE,,False
qkef-test-coexist-0018,COEXIST,NEW,NEW,AUTO_COMMIT,NEW,True
qkef-test-coexist-0019,COEXIST,NEW,COEXIST|NEW,QUARANTINE,,False
qkef-test-coexist-0020,COEXIST,NEW,COEXIST|NEW,QUARANTINE,,False
qkef-test-coexist-0021,COEXIST,COEXIST,COEXIST,AUTO_COMMIT,COEXIST,True
qkef-test-coexist-0022,COEXIST,NEW,COEXIST|NEW,QUARANTINE,,False
qkef-test-coexist-0023,COEXIST,COEXIST,COEXIST,AUTO_COMMIT,COEXIST,True
qkef-test-coexist-0024,COEXIST,NEW,NEW,AUTO_COMMIT,NEW,True
qkef-test-coexist-0025,COEXIST,NEW,COEXIST|NEW,QUARANTINE,,False
qkef-test-coexist-0026,COEXIST,NEW,NEW,AUTO_COMMIT,NEW,True
qkef-test-coexist-0027,COEXIST,COEXIST,COEXIST|NEW,QUARANTINE,,False
qkef-test-coexist-0028,COEXIST,NEW,COEXIST|NEW,QUARANTINE,,False
qkef-test-coexist-0029,COEXIST,NEW,COEXIST|NEW,QUARANTINE,,False
qkef-test-coexist-0030,COEXIST,COEXIST,COEXIST|NEW,QUARANTINE,,False
qkef-test-coexist-0031,COEXIST,COEXIST,COEXIST|NEW,QUARANTINE,,False
qkef-test-coexist-0032,COEXIST,COEXIST,COEXIST,AUTO_COMMIT,COEXIST,True
qkef-test-coexist-0033,COEXIST,COEXIST,COEXIST,AUTO_COMMIT,COEXIST,True
qkef-test-coexist-0034,COEXIST,NEW,COEXIST|NEW,QUARANTINE,,False
qkef-test-coexist-0035,COEXIST,COEXIST,COEXIST|NEW,QUARANTINE,,False
qkef-test-coexist-0036,COEXIST,NEW,COEXIST|NEW,QUARANTINE,,False
qkef-test-coexist-0037,COEXIST,COEXIST,COEXIST|NEW,QUARANTINE,,False
qkef-test-coexist-0038,COEXIST,COEXIST,COEXIST|NEW,QUARANTINE,,False
qkef-test-coexist-0039,COEXIST,COEXIST,COEXIST,AUTO_COMMIT,COEXIST,True
qkef-test-coexist-0040,COEXIST,COEXIST,COEXIST,AUTO_COMMIT,COEXIST,True
qkef-test-coexist-0041,COEXIST,COEXIST,COEXIST,AUTO_COMMIT,COEXIST,True
qkef-test-coexist-0042,COEXIST,COEXIST,COEXIST,AUTO_COMMIT,COEXIST,True
qkef-test-coexist-0043,COEXIST,COEXIST,COEXIST,AUTO_COMMIT,COEXIST,True
qkef-test-coexist-0044,COEXIST,NEW,COEXIST|NEW,QUARANTINE,,False
qkef-test-coexist-0045,COEXIST,NEW,COEXIST|NEW,QUARANTINE,,False
qkef-test-coexist-0046,COEXIST,NEW,COEXIST|NEW,QUARANTINE,,False
qkef-test-coexist-0047,COEXIST,NEW,COEXIST|NEW,QUARANTINE,,False
qkef-test-coexist-0048,COEXIST,COEXIST,COEXIST|NEW,QUARANTINE,,False
qkef-test-coexist-0049,COEXIST,NEW,COEXIST|NEW,QUARANTINE,,False
qkef-test-coexist-0050,COEXIST,COEXIST,COEXIST|NEW,QUARANTINE,,False
qkef-test-coexist-0051,COEXIST,NEW,COEXIST|NEW,QUARANTINE,,False
qkef-test-coexist-0052,COEXIST,COEXIST,COEXIST|NEW,QUARANTINE,,False
qkef-test-coexist-0053,COEXIST,NEW,COEXIST|NEW,QUARANTINE,,False
qkef-test-coexist-0054,COEXIST,COEXIST,COEXIST,AUTO_COMMIT,COEXIST,True
qkef-test-coexist-0055,COEXIST,NEW,COEXIST|NEW,QUARANTINE,,False
qkef-test-coexist-0056,COEXIST,NEW,COEXIST|NEW,QUARANTINE,,False
qkef-test-coexist-0057,COEXIST,NEW,COEXIST|NEW,QUARANTINE,,False
qkef-test-coexist-0058,COEXIST,COEXIST,COEXIST|NEW,QUARANTINE,,False
qkef-test-coexist-0059,COEXIST,NEW,COEXIST|NEW,QUARANTINE,,False
qkef-test-coexist-0060,COEXIST,NEW,COEXIST|NEW,QUARANTINE,,False
qkef-test-coexist-0061,COEXIST,NEW,COEXIST|NEW,QUARANTINE,,False
qkef-test-coexist-0062,COEXIST,COEXIST,COEXIST,AUTO_COMMIT,COEXIST,True
qkef-test-coexist-0063,COEXIST,COEXIST,COEXIST|NEW,QUARANTINE,,False
qkef-test-coexist-0064,COEXIST,NEW,COEXIST|NEW,QUARANTINE,,False
qkef-test-coexist-0065,COEXIST,COEXIST,COEXIST|NEW,QUARANTINE,,False
qkef-test-coexist-0066,COEXIST,COEXIST,COEXIST|NEW,QUARANTINE,,False
qkef-test-coexist-0067,COEXIST,COEXIST,COEXIST|NEW,QUARANTINE,,False
qkef-test-coexist-0068,COEXIST,COEXIST,COEXIST|NEW,QUARANTINE,,False
qkef-test-coexist-0069,COEXIST,COEXIST,COEXIST|NEW,QUARANTINE,,False
qkef-test-coexist-0070,COEXIST,COEXIST,COEXIST,AUTO_COMMIT,COEXIST,True
qkef-test-coexist-0071,COEXIST,NEW,COEXIST|NEW,QUARANTINE,,False
qkef-test-coexist-0072,COEXIST,NEW,COEXIST|NEW,QUARANTINE,,False
qkef-test-coexist-0073,COEXIST,COEXIST,COEXIST|NEW,QUARANTINE,,False
qkef-test-coexist-0074,COEXIST,COEXIST,COEXIST|NEW,QUARANTINE,,False
qkef-test-coexist-0075,COEXIST,NEW,COEXIST|NEW,QUARANTINE,,False
qkef-test-coexist-0076,COEXIST,COEXIST,COEXIST,AUTO_COMMIT,COEXIST,True
qkef-test-coexist-0077,COEXIST,COEXIST,COEXIST|NEW,QUARANTINE,,False
qkef-test-coexist-0078,COEXIST,COEXIST,COEXIST,AUTO_COMMIT,COEXIST,True
qkef-test-coexist-0079,COEXIST,COEXIST,COEXIST|NEW,QUARANTINE,,False
qkef-test-coexist-0080,COEXIST,COEXIST,COEXIST,AUTO_COMMIT,COEXIST,True
qkef-test-merge-0001,MERGE,MERGE,MERGE,AUTO_COMMIT,MERGE,True
qkef-test-merge-0002,MERGE,MERGE,MERGE,AUTO_COMMIT,MERGE,True
qkef-test-merge-0003,MERGE,MERGE,MERGE,AUTO_COMMIT,MERGE,True
qkef-test-merge-0004,MERGE,MERGE,MERGE,AUTO_COMMIT,MERGE,True
qkef-test-merge-0005,MERGE,MERGE,MERGE,AUTO_COMMIT,MERGE,True
qkef-test-merge-0006,MERGE,MERGE,MERGE,AUTO_COMMIT,MERGE,True
qkef-test-merge-0007,MERGE,MERGE,MERGE,AUTO_COMMIT,MERGE,True
qkef-test-merge-0008,MERGE,MERGE,MERGE,AUTO_COMMIT,MERGE,True
qkef-test-merge-0009,MERGE,MERGE,MERGE,AUTO_COMMIT,MERGE,True
qkef-test-merge-0010,MERGE,MERGE,MERGE,AUTO_COMMIT,MERGE,True
qkef-test-merge-0011,MERGE,MERGE,MERGE,AUTO_COMMIT,MERGE,True
qkef-test-merge-0012,MERGE,MERGE,MERGE,AUTO_COMMIT,MERGE,True
qkef-test-merge-0013,MERGE,MERGE,MERGE,AUTO_COMMIT,MERGE,True
qkef-test-merge-0014,MERGE,MERGE,MERGE,AUTO_COMMIT,MERGE,True
qkef-test-merge-0015,MERGE,MERGE,MERGE,AUTO_COMMIT,MERGE,True
qkef-test-merge-0016,MERGE,MERGE,MERGE,AUTO_COMMIT,MERGE,True
qkef-test-merge-0017,MERGE,MERGE,MERGE,AUTO_COMMIT,MERGE,True
qkef-test-merge-0018,MERGE,MERGE,MERGE,AUTO_COMMIT,MERGE,True
qkef-test-merge-0019,MERGE,MERGE,MERGE,AUTO_COMMIT,MERGE,True
qkef-test-merge-0020,MERGE,MERGE,MERGE,AUTO_COMMIT,MERGE,True
qkef-test-merge-0021,MERGE,MERGE,MERGE,AUTO_COMMIT,MERGE,True
qkef-test-merge-0022,MERGE,MERGE,MERGE,AUTO_COMMIT,MERGE,True
qkef-test-merge-0023,MERGE,MERGE,MERGE,AUTO_COMMIT,MERGE,True
qkef-test-merge-0024,MERGE,MERGE,MERGE,AUTO_COMMIT,MERGE,True
qkef-test-merge-0025,MERGE,MERGE,MERGE,AUTO_COMMIT,MERGE,True
qkef-test-merge-0026,MERGE,MERGE,MERGE,AUTO_COMMIT,MERGE,True
qkef-test-merge-0027,MERGE,MERGE,MERGE,AUTO_COMMIT,MERGE,True
qkef-test-merge-0028,MERGE,MERGE,MERGE,AUTO_COMMIT,MERGE,True
qkef-test-merge-0029,MERGE,MERGE,MERGE,AUTO_COMMIT,MERGE,True
qkef-test-merge-0030,MERGE,MERGE,MERGE,AUTO_COMMIT,MERGE,True
qkef-test-merge-0031,MERGE,MERGE,MERGE,AUTO_COMMIT,MERGE,True
qkef-test-merge-0032,MERGE,MERGE,,QUARANTINE,,False
qkef-test-merge-0033,MERGE,MERGE,MERGE,AUTO_COMMIT,MERGE,True
qkef-test-merge-0034,MERGE,MERGE,MERGE,AUTO_COMMIT,MERGE,True
qkef-test-merge-0035,MERGE,MERGE,MERGE,AUTO_COMMIT,MERGE,True
qkef-test-merge-0036,MERGE,MERGE,MERGE,AUTO_COMMIT,MERGE,True
qkef-test-merge-0037,MERGE,MERGE,MERGE,AUTO_COMMIT,MERGE,True
qkef-test-merge-0038,MERGE,MERGE,MERGE,AUTO_COMMIT,MERGE,True
qkef-test-merge-0039,MERGE,MERGE,MERGE,AUTO_COMMIT,MERGE,True
qkef-test-merge-0040,MERGE,SPLIT,SPLIT,AUTO_COMMIT,SPLIT,True
qkef-test-merge-0041,MERGE,MERGE,MERGE,AUTO_COMMIT,MERGE,True
qkef-test-merge-0042,MERGE,MERGE,MERGE,AUTO_COMMIT,MERGE,True
qkef-test-merge-0043,MERGE,MERGE,MERGE,AUTO_COMMIT,MERGE,True
qkef-test-merge-0044,MERGE,MERGE,MERGE,AUTO_COMMIT,MERGE,True
qkef-test-merge-0045,MERGE,MERGE,MERGE,AUTO_COMMIT,MERGE,True
qkef-test-merge-0046,MERGE,MERGE,MERGE,AUTO_COMMIT,MERGE,True
qkef-test-merge-0047,MERGE,MERGE,MERGE,AUTO_COMMIT,MERGE,True
qkef-test-merge-0048,MERGE,MERGE,MERGE,AUTO_COMMIT,MERGE,True
qkef-test-merge-0049,MERGE,MERGE,MERGE,AUTO_COMMIT,MERGE,True
qkef-test-merge-0050,MERGE,MERGE,MERGE,AUTO_COMMIT,MERGE,True
qkef-test-merge-0051,MERGE,MERGE,MERGE,AUTO_COMMIT,MERGE,True
qkef-test-merge-0052,MERGE,MERGE,MERGE,AUTO_COMMIT,MERGE,True
qkef-test-merge-0053,MERGE,MERGE,MERGE,AUTO_COMMIT,MERGE,True
qkef-test-merge-0054,MERGE,MERGE,MERGE,AUTO_COMMIT,MERGE,True
qkef-test-merge-0055,MERGE,MERGE,MERGE,AUTO_COMMIT,MERGE,True
qkef-test-merge-0056,MERGE,MERGE,MERGE,AUTO_COMMIT,MERGE,True
qkef-test-merge-0057,MERGE,MERGE,MERGE,AUTO_COMMIT,MERGE,True
qkef-test-merge-0058,MERGE,MERGE,MERGE,AUTO_COMMIT,MERGE,True
qkef-test-merge-0059,MERGE,MERGE,MERGE,AUTO_COMMIT,MERGE,True
qkef-test-merge-0060,MERGE,MERGE,MERGE,AUTO_COMMIT,MERGE,True
qkef-test-merge-0061,MERGE,MERGE,MERGE,AUTO_COMMIT,MERGE,True
qkef-test-merge-0062,MERGE,MERGE,MERGE,AUTO_COMMIT,MERGE,True
qkef-test-merge-0063,MERGE,MERGE,MERGE,AUTO_COMMIT,MERGE,True
qkef-test-merge-0064,MERGE,MERGE,MERGE,AUTO_COMMIT,MERGE,True
qkef-test-merge-0065,MERGE,MERGE,MERGE,AUTO_COMMIT,MERGE,True
qkef-test-merge-0066,MERGE,MERGE,MERGE,AUTO_COMMIT,MERGE,True
qkef-test-merge-0067,MERGE,MERGE,MERGE,AUTO_COMMIT,MERGE,True
qkef-test-merge-0068,MERGE,MERGE,,QUARANTINE,,False
qkef-test-merge-0069,MERGE,MERGE,MERGE,AUTO_COMMIT,MERGE,True
qkef-test-merge-0070,MERGE,MERGE,MERGE,AUTO_COMMIT,MERGE,True
qkef-test-merge-0071,MERGE,MERGE,MERGE,AUTO_COMMIT,MERGE,True
qkef-test-merge-0072,MERGE,MERGE,MERGE,AUTO_COMMIT,MERGE,True
qkef-test-merge-0073,MERGE,MERGE,MERGE,AUTO_COMMIT,MERGE,True
qkef-test-merge-0074,MERGE,MERGE,MERGE,AUTO_COMMIT,MERGE,True
qkef-test-merge-0075,MERGE,MERGE,MERGE,AUTO_COMMIT,MERGE,True
qkef-test-merge-0076,MERGE,MERGE,MERGE,AUTO_COMMIT,MERGE,True
qkef-test-merge-0077,MERGE,MERGE,MERGE,AUTO_COMMIT,MERGE,True
qkef-test-merge-0078,MERGE,MERGE,MERGE,AUTO_COMMIT,MERGE,True
qkef-test-merge-0079,MERGE,MERGE,MERGE,AUTO_COMMIT,MERGE,True
qkef-test-merge-0080,MERGE,MERGE,MERGE,AUTO_COMMIT,MERGE,True
qkef-test-new-0001,NEW,COEXIST,COEXIST|NEW,QUARANTINE,,False
qkef-test-new-0002,NEW,NEW,NEW,AUTO_COMMIT,NEW,True
qkef-test-new-0003,NEW,NEW,COEXIST|NEW,QUARANTINE,,False
qkef-test-new-0004,NEW,NEW,COEXIST|NEW,QUARANTINE,,False
qkef-test-new-0005,NEW,NEW,NEW,AUTO_COMMIT,NEW,True
qkef-test-new-0006,NEW,COEXIST,COEXIST|NEW,QUARANTINE,,False
qkef-test-new-0007,NEW,NEW,NEW,AUTO_COMMIT,NEW,True
qkef-test-new-0008,NEW,NEW,COEXIST|NEW,QUARANTINE,,False
qkef-test-new-0009,NEW,COEXIST,COEXIST|NEW,QUARANTINE,,False
qkef-test-new-0010,NEW,NEW,COEXIST|NEW,QUARANTINE,,False
qkef-test-new-0011,NEW,COEXIST,COEXIST|NEW,QUARANTINE,,False
qkef-test-new-0012,NEW,NEW,NEW,AUTO_COMMIT,NEW,True
qkef-test-new-0013,NEW,COEXIST,COEXIST,AUTO_COMMIT,COEXIST,True
qkef-test-new-0014,NEW,NEW,COEXIST|NEW,QUARANTINE,,False
qkef-test-new-0015,NEW,NEW,COEXIST|NEW,QUARANTINE,,False
qkef-test-new-0016,NEW,NEW,COEXIST|NEW,QUARANTINE,,False
qkef-test-new-0017,NEW,NEW,COEXIST|NEW,QUARANTINE,,False
qkef-test-new-0018,NEW,COEXIST,COEXIST|NEW,QUARANTINE,,False
qkef-test-new-0019,NEW,NEW,COEXIST|NEW,QUARANTINE,,False
qkef-test-new-0020,NEW,NEW,NEW,AUTO_COMMIT,NEW,True
qkef-test-new-0021,NEW,COEXIST,COEXIST|NEW,QUARANTINE,,False
qkef-test-new-0022,NEW,COEXIST,COEXIST|NEW,QUARANTINE,,False
qkef-test-new-0023,NEW,NEW,COEXIST|NEW,QUARANTINE,,False
qkef-test-new-0024,NEW,COEXIST,COEXIST,AUTO_COMMIT,COEXIST,True
qkef-test-new-0025,NEW,NEW,COEXIST|NEW,QUARANTINE,,False
qkef-test-new-0026,NEW,NEW,COEXIST|NEW,QUARANTINE,,False
qkef-test-new-0027,NEW,NEW,COEXIST|NEW,QUARANTINE,,False
qkef-test-new-0028,NEW,NEW,COEXIST|NEW,QUARANTINE,,False
qkef-test-new-0029,NEW,COEXIST,COEXIST|NEW,QUARANTINE,,False
qkef-test-new-0030,NEW,COEXIST,COEXIST,AUTO_COMMIT,COEXIST,True
qkef-test-new-0031,NEW,NEW,COEXIST|NEW,QUARANTINE,,False
qkef-test-new-0032,NEW,NEW,COEXIST|NEW,QUARANTINE,,False
qkef-test-new-0033,NEW,NEW,COEXIST|NEW,QUARANTINE,,False
qkef-test-new-0034,NEW,COEXIST,COEXIST|NEW,QUARANTINE,,False
qkef-test-new-0035,NEW,COEXIST,COEXIST|NEW,QUARANTINE,,False
qkef-test-new-0036,NEW,COEXIST,COEXIST,AUTO_COMMIT,COEXIST,True
qkef-test-new-0037,NEW,NEW,NEW,AUTO_COMMIT,NEW,True
qkef-test-new-0038,NEW,NEW,NEW,AUTO_COMMIT,NEW,True
qkef-test-new-0039,NEW,COEXIST,COEXIST,AUTO_COMMIT,COEXIST,True
qkef-test-new-0040,NEW,COEXIST,COEXIST|NEW,QUARANTINE,,False
qkef-test-new-0041,NEW,NEW,COEXIST|NEW,QUARANTINE,,False
qkef-test-new-0042,NEW,COEXIST,COEXIST|NEW,QUARANTINE,,False
qkef-test-new-0043,NEW,NEW,COEXIST|NEW,QUARANTINE,,False
qkef-test-new-0044,NEW,NEW,NEW,AUTO_COMMIT,NEW,True
qkef-test-new-0045,NEW,NEW,NEW,AUTO_COMMIT,NEW,True
qkef-test-new-0046,NEW,NEW,NEW,AUTO_COMMIT,NEW,True
qkef-test-new-0047,NEW,NEW,COEXIST|NEW,QUARANTINE,,False
qkef-test-new-0048,NEW,NEW,COEXIST|NEW,QUARANTINE,,False
qkef-test-new-0049,NEW,COEXIST,COEXIST,AUTO_COMMIT,COEXIST,True
qkef-test-new-0050,NEW,NEW,COEXIST|NEW,QUARANTINE,,False
qkef-test-new-0051,NEW,NEW,COEXIST|NEW,QUARANTINE,,False
qkef-test-new-0052,NEW,NEW,NEW,AUTO_COMMIT,NEW,True
qkef-test-new-0053,NEW,NEW,NEW,AUTO_COMMIT,NEW,True
qkef-test-new-0054,NEW,NEW,COEXIST|NEW,QUARANTINE,,False
qkef-test-new-0055,NEW,NEW,COEXIST|NEW,QUARANTINE,,False
qkef-test-new-0056,NEW,COEXIST,COEXIST|NEW,QUARANTINE,,False
qkef-test-new-0057,NEW,NEW,COEXIST|NEW,QUARANTINE,,False
qkef-test-new-0058,NEW,COEXIST,COEXIST,AUTO_COMMIT,COEXIST,True
qkef-test-new-0059,NEW,NEW,COEXIST|NEW,QUARANTINE,,False
qkef-test-new-0060,NEW,NEW,NEW,AUTO_COMMIT,NEW,True
qkef-test-new-0061,NEW,COEXIST,COEXIST,AUTO_COMMIT,COEXIST,True
qkef-test-new-0062,NEW,COEXIST,COEXIST|NEW,QUARANTINE,,False
qkef-test-new-0063,NEW,NEW,COEXIST|NEW,QUARANTINE,,False
qkef-test-new-0064,NEW,COEXIST,COEXIST,AUTO_COMMIT,COEXIST,True
qkef-test-new-0065,NEW,COEXIST,COEXIST|NEW,QUARANTINE,,False
qkef-test-new-0066,NEW,NEW,COEXIST|NEW,QUARANTINE,,False
qkef-test-new-0067,NEW,COEXIST,COEXIST|NEW,QUARANTINE,,False
qkef-test-new-0068,NEW,NEW,COEXIST|NEW,QUARANTINE,,False
qkef-test-new-0069,NEW,NEW,NEW,AUTO_COMMIT,NEW,True
qkef-test-new-0070,NEW,NEW,NEW,AUTO_COMMIT,NEW,True
qkef-test-new-0071,NEW,COEXIST,COEXIST,AUTO_COMMIT,COEXIST,True
qkef-test-new-0072,NEW,NEW,COEXIST|NEW,QUARANTINE,,False
qkef-test-new-0073,NEW,COEXIST,COEXIST,AUTO_COMMIT,COEXIST,True
qkef-test-new-0074,NEW,NEW,COEXIST|NEW,QUARANTINE,,False
qkef-test-new-0075,NEW,NEW,COEXIST|NEW,QUARANTINE,,False
qkef-test-new-0076,NEW,NEW,NEW,AUTO_COMMIT,NEW,True
qkef-test-new-0077,NEW,COEXIST,COEXIST|NEW,QUARANTINE,,False
qkef-test-new-0078,NEW,NEW,COEXIST|NEW,QUARANTINE,,False
qkef-test-new-0079,NEW,NEW,COEXIST|NEW,QUARANTINE,,False
qkef-test-new-0080,NEW,COEXIST,COEXIST|NEW,QUARANTINE,,False
qkef-test-replace-0001,REPLACE,REPLACE,REPLACE,AUTO_COMMIT,REPLACE,True
qkef-test-replace-0002,REPLACE,REPLACE,REPLACE,AUTO_COMMIT,REPLACE,True
qkef-test-replace-0003,REPLACE,REPLACE,,QUARANTINE,,False
qkef-test-replace-0004,REPLACE,REPLACE,REPLACE,AUTO_COMMIT,REPLACE,True
qkef-test-replace-0005,REPLACE,REPLACE,REPLACE,AUTO_COMMIT,REPLACE,True
qkef-test-replace-0006,REPLACE,REPLACE,REPLACE,AUTO_COMMIT,REPLACE,True
qkef-test-replace-0007,REPLACE,REPLACE,REPLACE,AUTO_COMMIT,REPLACE,True
qkef-test-replace-0008,REPLACE,REPLACE,REPLACE,AUTO_COMMIT,REPLACE,True
qkef-test-replace-0009,REPLACE,REPLACE,REPLACE,AUTO_COMMIT,REPLACE,True
qkef-test-replace-0010,REPLACE,REPLACE,REPLACE,AUTO_COMMIT,REPLACE,True
qkef-test-replace-0011,REPLACE,REPLACE,REPLACE,AUTO_COMMIT,REPLACE,True
qkef-test-replace-0012,REPLACE,REPLACE,REPLACE,AUTO_COMMIT,REPLACE,True
qkef-test-replace-0013,REPLACE,REPLACE,REPLACE,AUTO_COMMIT,REPLACE,True
qkef-test-replace-0014,REPLACE,REPLACE,REPLACE,AUTO_COMMIT,REPLACE,True
qkef-test-replace-0015,REPLACE,REPLACE,REPLACE,AUTO_COMMIT,REPLACE,True
qkef-test-replace-0016,REPLACE,REPLACE,REPLACE,AUTO_COMMIT,REPLACE,True
qkef-test-replace-0017,REPLACE,REPLACE,REPLACE,AUTO_COMMIT,REPLACE,True
qkef-test-replace-0018,REPLACE,REPLACE,REPLACE,AUTO_COMMIT,REPLACE,True
qkef-test-replace-0019,REPLACE,REPLACE,REPLACE,AUTO_COMMIT,REPLACE,True
qkef-test-replace-0020,REPLACE,REPLACE,REPLACE,AUTO_COMMIT,REPLACE,True
qkef-test-replace-0021,REPLACE,REPLACE,REPLACE,AUTO_COMMIT,REPLACE,True
qkef-test-replace-0022,REPLACE,REPLACE,,QUARANTINE,,False
qkef-test-replace-0023,REPLACE,REPLACE,REPLACE,AUTO_COMMIT,REPLACE,True
qkef-test-replace-0024,REPLACE,REPLACE,REPLACE,AUTO_COMMIT,REPLACE,True
qkef-test-replace-0025,REPLACE,REPLACE,REPLACE,AUTO_COMMIT,REPLACE,True
qkef-test-replace-0026,REPLACE,REPLACE,REPLACE,AUTO_COMMIT,REPLACE,True
qkef-test-replace-0027,REPLACE,REPLACE,REPLACE,AUTO_COMMIT,REPLACE,True
qkef-test-replace-0028,REPLACE,REPLACE,REPLACE,AUTO_COMMIT,REPLACE,True
qkef-test-replace-0029,REPLACE,REPLACE,REPLACE,AUTO_COMMIT,REPLACE,True
qkef-test-replace-0030,REPLACE,REPLACE,REPLACE,AUTO_COMMIT,REPLACE,True
qkef-test-replace-0031,REPLACE,REPLACE,REPLACE,AUTO_COMMIT,REPLACE,True
qkef-test-replace-0032,REPLACE,REPLACE,REPLACE,AUTO_COMMIT,REPLACE,True
qkef-test-replace-0033,REPLACE,REPLACE,REPLACE,AUTO_COMMIT,REPLACE,True
qkef-test-replace-0034,REPLACE,REPLACE,,QUARANTINE,,False
qkef-test-replace-0035,REPLACE,REPLACE,REPLACE,AUTO_COMMIT,REPLACE,True
qkef-test-replace-0036,REPLACE,REPLACE,REPLACE,AUTO_COMMIT,REPLACE,True
qkef-test-replace-0037,REPLACE,REPLACE,REPLACE,AUTO_COMMIT,REPLACE,True
qkef-test-replace-0038,REPLACE,REPLACE,REPLACE,AUTO_COMMIT,REPLACE,True
qkef-test-replace-0039,REPLACE,REPLACE,REPLACE,AUTO_COMMIT,REPLACE,True
qkef-test-replace-0040,REPLACE,REPLACE,REPLACE,AUTO_COMMIT,REPLACE,True
qkef-test-replace-0041,REPLACE,REPLACE,REPLACE,AUTO_COMMIT,REPLACE,True
qkef-test-replace-0042,REPLACE,REPLACE,REPLACE,AUTO_COMMIT,REPLACE,True
qkef-test-replace-0043,REPLACE,REPLACE,REPLACE,AUTO_COMMIT,REPLACE,True
qkef-test-replace-0044,REPLACE,REPLACE,REPLACE,AUTO_COMMIT,REPLACE,True
qkef-test-replace-0045,REPLACE,REPLACE,REPLACE,AUTO_COMMIT,REPLACE,True
qkef-test-replace-0046,REPLACE,REPLACE,REPLACE,AUTO_COMMIT,REPLACE,True
qkef-test-replace-0047,REPLACE,REPLACE,REPLACE,AUTO_COMMIT,REPLACE,True
qkef-test-replace-0048,REPLACE,REPLACE,,QUARANTINE,,False
qkef-test-replace-0049,REPLACE,REPLACE,REPLACE,AUTO_COMMIT,REPLACE,True
qkef-test-replace-0050,REPLACE,REPLACE,REPLACE,AUTO_COMMIT,REPLACE,True
qkef-test-replace-0051,REPLACE,REPLACE,,QUARANTINE,,False
qkef-test-replace-0052,REPLACE,REPLACE,REPLACE,AUTO_COMMIT,REPLACE,True
qkef-test-replace-0053,REPLACE,REPLACE,REPLACE,AUTO_COMMIT,REPLACE,True
qkef-test-replace-0054,REPLACE,REPLACE,REPLACE,AUTO_COMMIT,REPLACE,True
qkef-test-replace-0055,REPLACE,REPLACE,,QUARANTINE,,False
qkef-test-replace-0056,REPLACE,REPLACE,REPLACE,AUTO_COMMIT,REPLACE,True
qkef-test-replace-0057,REPLACE,REPLACE,REPLACE,AUTO_COMMIT,REPLACE,True
qkef-test-replace-0058,REPLACE,REPLACE,REPLACE,AUTO_COMMIT,REPLACE,True
qkef-test-replace-0059,REPLACE,REPLACE,REPLACE,AUTO_COMMIT,REPLACE,True
qkef-test-replace-0060,REPLACE,REPLACE,REPLACE,AUTO_COMMIT,REPLACE,True
qkef-test-replace-0061,REPLACE,REPLACE,,QUARANTINE,,False
qkef-test-replace-0062,REPLACE,REPLACE,REPLACE,AUTO_COMMIT,REPLACE,True
qkef-test-replace-0063,REPLACE,REPLACE,REPLACE,AUTO_COMMIT,REPLACE,True
qkef-test-replace-0064,REPLACE,REPLACE,,QUARANTINE,,False
qkef-test-replace-0065,REPLACE,REPLACE,REPLACE,AUTO_COMMIT,REPLACE,True
qkef-test-replace-0066,REPLACE,REPLACE,REPLACE,AUTO_COMMIT,REPLACE,True
qkef-test-replace-0067,REPLACE,REPLACE,REPLACE,AUTO_COMMIT,REPLACE,True
qkef-test-replace-0068,REPLACE,REPLACE,REPLACE,AUTO_COMMIT,REPLACE,True
qkef-test-replace-0069,REPLACE,REPLACE,REPLACE,AUTO_COMMIT,REPLACE,True
qkef-test-replace-0070,REPLACE,REPLACE,REPLACE,AUTO_COMMIT,REPLACE,True
qkef-test-replace-0071,REPLACE,REPLACE,REPLACE,AUTO_COMMIT,REPLACE,True
qkef-test-replace-0072,REPLACE,REPLACE,REPLACE,AUTO_COMMIT,REPLACE,True
qkef-test-replace-0073,REPLACE,REPLACE,REPLACE,AUTO_COMMIT,REPLACE,True
qkef-test-replace-0074,REPLACE,REPLACE,REPLACE,AUTO_COMMIT,REPLACE,True
qkef-test-replace-0075,REPLACE,REPLACE,REPLACE,AUTO_COMMIT,REPLACE,True
qkef-test-replace-0076,REPLACE,REPLACE,REPLACE,AUTO_COMMIT,REPLACE,True
qkef-test-replace-0077,REPLACE,REPLACE,REPLACE,AUTO_COMMIT,REPLACE,True
qkef-test-replace-0078,REPLACE,REPLACE,REPLACE,AUTO_COMMIT,REPLACE,True
qkef-test-replace-0079,REPLACE,REPLACE,REPLACE,AUTO_COMMIT,REPLACE,True
qkef-test-replace-0080,REPLACE,REPLACE,REPLACE,AUTO_COMMIT,REPLACE,True
qkef-test-split-0001,SPLIT,SPLIT,SPLIT,AUTO_COMMIT,SPLIT,True
qkef-test-split-0002,SPLIT,SPLIT,SPLIT,AUTO_COMMIT,SPLIT,True
qkef-test-split-0003,SPLIT,SPLIT,SPLIT,AUTO_COMMIT,SPLIT,True
qkef-test-split-0004,SPLIT,SPLIT,SPLIT,AUTO_COMMIT,SPLIT,True
qkef-test-split-0005,SPLIT,SPLIT,SPLIT,AUTO_COMMIT,SPLIT,True
qkef-test-split-0006,SPLIT,SPLIT,SPLIT,AUTO_COMMIT,SPLIT,True
qkef-test-split-0007,SPLIT,SPLIT,SPLIT,AUTO_COMMIT,SPLIT,True
qkef-test-split-0008,SPLIT,SPLIT,SPLIT,AUTO_COMMIT,SPLIT,True
qkef-test-split-0009,SPLIT,SPLIT,SPLIT,AUTO_COMMIT,SPLIT,True
qkef-test-split-0010,SPLIT,SPLIT,SPLIT,AUTO_COMMIT,SPLIT,True
qkef-test-split-0011,SPLIT,SPLIT,SPLIT,AUTO_COMMIT,SPLIT,True
qkef-test-split-0012,SPLIT,SPLIT,SPLIT,AUTO_COMMIT,SPLIT,True
qkef-test-split-0013,SPLIT,SPLIT,SPLIT,AUTO_COMMIT,SPLIT,True
qkef-test-split-0014,SPLIT,SPLIT,SPLIT,AUTO_COMMIT,SPLIT,True
qkef-test-split-0015,SPLIT,SPLIT,SPLIT,AUTO_COMMIT,SPLIT,True
qkef-test-split-0016,SPLIT,SPLIT,SPLIT,AUTO_COMMIT,SPLIT,True
qkef-test-split-0017,SPLIT,SPLIT,SPLIT,AUTO_COMMIT,SPLIT,True
qkef-test-split-0018,SPLIT,SPLIT,SPLIT,AUTO_COMMIT,SPLIT,True
qkef-test-split-0019,SPLIT,SPLIT,SPLIT,AUTO_COMMIT,SPLIT,True
qkef-test-split-0020,SPLIT,SPLIT,SPLIT,AUTO_COMMIT,SPLIT,True
qkef-test-split-0021,SPLIT,SPLIT,SPLIT,AUTO_COMMIT,SPLIT,True
qkef-test-split-0022,SPLIT,SPLIT,SPLIT,AUTO_COMMIT,SPLIT,True
qkef-test-split-0023,SPLIT,SPLIT,SPLIT,AUTO_COMMIT,SPLIT,True
qkef-test-split-0024,SPLIT,SPLIT,SPLIT,AUTO_COMMIT,SPLIT,True
qkef-test-split-0025,SPLIT,SPLIT,SPLIT,AUTO_COMMIT,SPLIT,True
qkef-test-split-0026,SPLIT,SPLIT,SPLIT,AUTO_COMMIT,SPLIT,True
qkef-test-split-0027,SPLIT,SPLIT,SPLIT,AUTO_COMMIT,SPLIT,True
qkef-test-split-0028,SPLIT,SPLIT,SPLIT,AUTO_COMMIT,SPLIT,True
qkef-test-split-0029,SPLIT,SPLIT,SPLIT,AUTO_COMMIT,SPLIT,True
qkef-test-split-0030,SPLIT,SPLIT,SPLIT,AUTO_COMMIT,SPLIT,True
qkef-test-split-0031,SPLIT,SPLIT,SPLIT,AUTO_COMMIT,SPLIT,True
qkef-test-split-0032,SPLIT,SPLIT,SPLIT,AUTO_COMMIT,SPLIT,True
qkef-test-split-0033,SPLIT,SPLIT,SPLIT,AUTO_COMMIT,SPLIT,True
qkef-test-split-0034,SPLIT,SPLIT,SPLIT,AUTO_COMMIT,SPLIT,True
qkef-test-split-0035,SPLIT,SPLIT,SPLIT,AUTO_COMMIT,SPLIT,True
qkef-test-split-0036,SPLIT,SPLIT,SPLIT,AUTO_COMMIT,SPLIT,True
qkef-test-split-0037,SPLIT,SPLIT,SPLIT,AUTO_COMMIT,SPLIT,True
qkef-test-split-0038,SPLIT,SPLIT,SPLIT,AUTO_COMMIT,SPLIT,True
qkef-test-split-0039,SPLIT,SPLIT,SPLIT,AUTO_COMMIT,SPLIT,True
qkef-test-split-0040,SPLIT,SPLIT,SPLIT,AUTO_COMMIT,SPLIT,True
qkef-test-split-0041,SPLIT,SPLIT,SPLIT,AUTO_COMMIT,SPLIT,True
qkef-test-split-0042,SPLIT,SPLIT,SPLIT,AUTO_COMMIT,SPLIT,True
qkef-test-split-0043,SPLIT,SPLIT,SPLIT,AUTO_COMMIT,SPLIT,True
qkef-test-split-0044,SPLIT,SPLIT,SPLIT,AUTO_COMMIT,SPLIT,True
qkef-test-split-0045,SPLIT,SPLIT,SPLIT,AUTO_COMMIT,SPLIT,True
qkef-test-split-0046,SPLIT,SPLIT,SPLIT,AUTO_COMMIT,SPLIT,True
qkef-test-split-0047,SPLIT,SPLIT,SPLIT,AUTO_COMMIT,SPLIT,True
qkef-test-split-0048,SPLIT,SPLIT,SPLIT,AUTO_COMMIT,SPLIT,True
qkef-test-split-0049,SPLIT,SPLIT,SPLIT,AUTO_COMMIT,SPLIT,True
qkef-test-split-0050,SPLIT,SPLIT,SPLIT,AUTO_COMMIT,SPLIT,True
qkef-test-split-0051,SPLIT,SPLIT,SPLIT,AUTO_COMMIT,SPLIT,True
qkef-test-split-0052,SPLIT,SPLIT,SPLIT,AUTO_COMMIT,SPLIT,True
qkef-test-split-0053,SPLIT,SPLIT,SPLIT,AUTO_COMMIT,SPLIT,True
qkef-test-split-0054,SPLIT,SPLIT,SPLIT,AUTO_COMMIT,SPLIT,True
qkef-test-split-0055,SPLIT,SPLIT,SPLIT,AUTO_COMMIT,SPLIT,True
qkef-test-split-0056,SPLIT,SPLIT,SPLIT,AUTO_COMMIT,SPLIT,True
qkef-test-split-0057,SPLIT,SPLIT,SPLIT,AUTO_COMMIT,SPLIT,True
qkef-test-split-0058,SPLIT,SPLIT,SPLIT,AUTO_COMMIT,SPLIT,True
qkef-test-split-0059,SPLIT,SPLIT,SPLIT,AUTO_COMMIT,SPLIT,True
qkef-test-split-0060,SPLIT,SPLIT,SPLIT,AUTO_COMMIT,SPLIT,True
qkef-test-split-0061,SPLIT,SPLIT,SPLIT,AUTO_COMMIT,SPLIT,True
qkef-test-split-0062,SPLIT,SPLIT,SPLIT,AUTO_COMMIT,SPLIT,True
qkef-test-split-0063,SPLIT,SPLIT,SPLIT,AUTO_COMMIT,SPLIT,True
qkef-test-split-0064,SPLIT,SPLIT,SPLIT,AUTO_COMMIT,SPLIT,True
qkef-test-split-0065,SPLIT,SPLIT,SPLIT,AUTO_COMMIT,SPLIT,True
qkef-test-split-0066,SPLIT,SPLIT,,QUARANTINE,,False
qkef-test-split-0067,SPLIT,SPLIT,SPLIT,AUTO_COMMIT,SPLIT,True
qkef-test-split-0068,SPLIT,SPLIT,SPLIT,AUTO_COMMIT,SPLIT,True
qkef-test-split-0069,SPLIT,SPLIT,SPLIT,AUTO_COMMIT,SPLIT,True
qkef-test-split-0070,SPLIT,SPLIT,SPLIT,AUTO_COMMIT,SPLIT,True
qkef-test-split-0071,SPLIT,SPLIT,SPLIT,AUTO_COMMIT,SPLIT,True
qkef-test-split-0072,SPLIT,SPLIT,SPLIT,AUTO_COMMIT,SPLIT,True
qkef-test-split-0073,SPLIT,SPLIT,SPLIT,AUTO_COMMIT,SPLIT,True
qkef-test-split-0074,SPLIT,SPLIT,SPLIT,AUTO_COMMIT,SPLIT,True
qkef-test-split-0075,SPLIT,SPLIT,SPLIT,AUTO_COMMIT,SPLIT,True
qkef-test-split-0076,SPLIT,SPLIT,SPLIT,AUTO_COMMIT,SPLIT,True
qkef-test-split-0077,SPLIT,SPLIT,SPLIT,AUTO_COMMIT,SPLIT,True
qkef-test-split-0078,SPLIT,SPLIT,SPLIT,AUTO_COMMIT,SPLIT,True
qkef-test-split-0079,SPLIT,SPLIT,SPLIT,AUTO_COMMIT,SPLIT,True
qkef-test-split-0080,SPLIT,SPLIT,SPLIT,AUTO_COMMIT,SPLIT,True
