sample_id,true_action,conventional_prediction,conventional_confidence,qkef_prediction,qkef_confidence,top_candidate_similarity
sample_4728f30ff569c7bc572d,COEXIST,NEW,0.37621711679451797,COEXIST,0.725116965648356,0.7003067135810852
sample_5616eb9e5f709ae465e2,COEXIST,NEW,0.6056959888610504,NEW,0.9214176854843037,0.4368351399898529
sample_76142533d416a242bfe7,COEXIST,NEW,0.4134692001924619,COEXIST,0.957189041143828,0.6394627094268799
sample_afd451054afe46ddee90,COEXIST,COEXIST,0.3359378950394615,SPLIT,0.33283867381192234,0.45506414771080017
sample_a7d7fe8bf42ab81f2a66,COEXIST,NEW,0.43236249302354113,NEW,0.7071505663802865,0.5226494073867798
sample_0182c77dc1e3bed42d9d,COEXIST,NEW,0.6677632549450059,NEW,0.9786533914736181,0.40459373593330383
sample_296f027d0707c3cc3451,COEXIST,NEW,0.4675304735132835,NEW,0.5404036106060949,0.46682238578796387
sample_42e6b234a5f064d6cdd5,MERGE,REPLACE,0.6172254858201277,MERGE,0.5645675406134316,1.0000001192092896
sample_e1de972612731f9b8741,NEW,COEXIST,0.7292336423324495,COEXIST,0.9435078230781213,0.6782864332199097
sample_280e5ba7b9f732071799,SPLIT,NEW,0.28943296008599606,SPLIT,0.6047314178507566,0.39094606041908264
