system,class,feature,coefficient
conventional,ARCHIVE,candidate_top1_cosine,-0.2857197446340322
conventional,ARCHIVE,candidate_top2_cosine,-0.4126662446535445
conventional,ARCHIVE,candidate_top3_cosine,-0.47612001433072215
conventional,ARCHIVE,candidate_mean_cosine,-0.4421655781739891
conventional,ARCHIVE,candidate_std_cosine,-0.10193725112541663
conventional,ARCHIVE,candidate_top1_top2_margin,-0.11131809598133904
conventional,ARCHIVE,word_jaccard_top1,-0.12307388288260618
conventional,ARCHIVE,sequence_ratio_top1,-0.04426577637518957
conventional,ARCHIVE,incoming_word_count,-0.2705960587818218
conventional,ARCHIVE,candidate_word_count,-0.15060354905195442
conventional,ARCHIVE,length_ratio,-0.22617383768845728
conventional,ARCHIVE,absolute_length_difference,-0.01042833955320206
conventional,ARCHIVE,incoming_paragraph_count,0.8362810568622693
conventional,ARCHIVE,incoming_sentence_count,-0.22751159970729942
conventional,ARCHIVE,incoming_numeric_count,-0.09075052407759103
conventional,ARCHIVE,candidate_numeric_count,-0.06118496118017023
conventional,ARCHIVE,shared_numeric_ratio,-0.02039382904599357
conventional,ARCHIVE,differing_numeric_count,-0.12061131989783329
conventional,ARCHIVE,incoming_percentage_count,-0.05933565893428922
conventional,ARCHIVE,incoming_currency_count,-0.040504558105816504
conventional,ARCHIVE,negation_count,-0.045491563999973984
conventional,COEXIST,candidate_top1_cosine,0.12688800586155508
conventional,COEXIST,candidate_top2_cosine,0.36423621864014327
conventional,COEXIST,candidate_top3_cosine,0.14832758052090547
conventional,COEXIST,candidate_mean_cosine,0.18713667474133527
conventional,COEXIST,candidate_std_cosine,0.11432193102746066
conventional,COEXIST,candidate_top1_top2_margin,-0.06920551044262542
conventional,COEXIST,word_jaccard_top1,-0.3513012441665528
conventional,COEXIST,sequence_ratio_top1,-0.4469684038967803
conventional,COEXIST,incoming_word_count,-0.11489472843390859
conventional,COEXIST,candidate_word_count,-0.05000089736562874
conventional,COEXIST,length_ratio,0.04211453897431214
conventional,COEXIST,absolute_length_difference,0.19676474518144355
conventional,COEXIST,incoming_paragraph_count,-0.7407535622418552
conventional,COEXIST,incoming_sentence_count,-0.1318883161975743
conventional,COEXIST,incoming_numeric_count,-0.11896816562648754
conventional,COEXIST,candidate_numeric_count,0.0015570087238626956
conventional,COEXIST,shared_numeric_ratio,-0.1315078597246795
conventional,COEXIST,differing_numeric_count,0.12920929436886897
conventional,COEXIST,incoming_percentage_count,0.0816258306824202
conventional,COEXIST,incoming_currency_count,-0.02764188898324726
conventional,COEXIST,negation_count,-0.1625432359903537
conventional,MERGE,candidate_top1_cosine,0.3209267975495065
conventional,MERGE,candidate_top2_cosine,0.10136028914377482
conventional,MERGE,candidate_top3_cosine,0.24371875739026305
conventional,MERGE,candidate_mean_cosine,0.2522364027812843
conventional,MERGE,candidate_std_cosine,0.29052632914502013
conventional,MERGE,candidate_top1_top2_margin,0.3624582542020226
conventional,MERGE,word_jaccard_top1,0.23443669795546
conventional,MERGE,sequence_ratio_top1,0.3817200220627591
conventional,MERGE,incoming_word_count,-0.02778458147919328
conventional,MERGE,candidate_word_count,-0.12675647217405045
conventional,MERGE,length_ratio,0.0643054244750664
conventional,MERGE,absolute_length_difference,-0.039809351135682215
conventional,MERGE,incoming_paragraph_count,0.9616027120803906
conventional,MERGE,incoming_sentence_count,0.02416878743350471
conventional,MERGE,incoming_numeric_count,0.00526047139295951
conventional,MERGE,candidate_numeric_count,-0.04732920994724698
conventional,MERGE,shared_numeric_ratio,0.23569545169280182
conventional,MERGE,differing_numeric_count,-0.3166603644276669
conventional,MERGE,incoming_percentage_count,0.08162745952685013
conventional,MERGE,incoming_currency_count,-0.028712879110415427
conventional,MERGE,negation_count,0.07713702585617221
conventional,NEW,candidate_top1_cosine,-0.359516096237958
conventional,NEW,candidate_top2_cosine,-0.24692791701697217
conventional,NEW,candidate_top3_cosine,-0.02188584054583384
conventional,NEW,candidate_mean_cosine,-0.21940914153978608
conventional,NEW,candidate_std_cosine,-0.4074908250456697
conventional,NEW,candidate_top1_top2_margin,-0.31859987631421205
conventional,NEW,word_jaccard_top1,-0.13453034505021957
conventional,NEW,sequence_ratio_top1,-0.09760584111035421
conventional,NEW,incoming_word_count,-0.08305293227694302
conventional,NEW,candidate_word_count,0.17567724930625445
conventional,NEW,length_ratio,-0.14938844032993004
conventional,NEW,absolute_length_difference,-0.07117988774424522
conventional,NEW,incoming_paragraph_count,-0.9450810418686547
conventional,NEW,incoming_sentence_count,0.0544152488453489
conventional,NEW,incoming_numeric_count,0.12019945878741474
conventional,NEW,candidate_numeric_count,0.04965221271443504
conventional,NEW,shared_numeric_ratio,-0.08163086997214584
conventional,NEW,differing_numeric_count,0.024411940850722826
conventional,NEW,incoming_percentage_count,-0.03265621284996277
conventional,NEW,incoming_currency_count,-0.022138896906919267
conventional,NEW,negation_count,0.0470789370601867
conventional,REPLACE,candidate_top1_cosine,0.31644314569527465
conventional,REPLACE,candidate_top2_cosine,0.12450794662287173
conventional,REPLACE,candidate_top3_cosine,-0.037269319022439296
conventional,REPLACE,candidate_mean_cosine,0.14941878584436571
conventional,REPLACE,candidate_std_cosine,0.382670663009046
conventional,REPLACE,candidate_top1_top2_margin,0.3412907738950767
conventional,REPLACE,word_jaccard_top1,0.5492919474425658
conventional,REPLACE,sequence_ratio_top1,0.4431574579602609
conventional,REPLACE,incoming_word_count,0.07168387670923307
conventional,REPLACE,candidate_word_count,0.12012332241758013
conventional,REPLACE,length_ratio,-0.0661461721278497
conventional,REPLACE,absolute_length_difference,-0.21408954398020164
conventional,REPLACE,incoming_paragraph_count,-0.928906310691885
conventional,REPLACE,incoming_sentence_count,0.02271938679931806
conventional,REPLACE,incoming_numeric_count,0.059087788194105276
conventional,REPLACE,candidate_numeric_count,0.057373500991016416
conventional,REPLACE,shared_numeric_ratio,0.14822036877089245
conventional,REPLACE,differing_numeric_count,0.06412704435974358
conventional,REPLACE,incoming_percentage_count,-0.10270465586247261
conventional,REPLACE,incoming_currency_count,0.1474764143979058
conventional,REPLACE,negation_count,0.000609912366218228
conventional,SPLIT,candidate_top1_cosine,-0.11902210823434639
conventional,SPLIT,candidate_top2_cosine,0.06948970726372744
conventional,SPLIT,candidate_top3_cosine,0.14322883598782707
conventional,SPLIT,candidate_mean_cosine,0.0727828563467904
conventional,SPLIT,candidate_std_cosine,-0.2780908470104408
conventional,SPLIT,candidate_top1_top2_margin,-0.20462554535892283
conventional,SPLIT,word_jaccard_top1,-0.17482317329864694
conventional,SPLIT,sequence_ratio_top1,-0.2360374586406956
conventional,SPLIT,incoming_word_count,0.4246444242626338
conventional,SPLIT,candidate_word_count,0.031560346867799315
conventional,SPLIT,length_ratio,0.3352884866968585
conventional,SPLIT,absolute_length_difference,0.1387423772318879
conventional,SPLIT,incoming_paragraph_count,0.8168571458597328
conventional,SPLIT,incoming_sentence_count,0.2580964928267026
conventional,SPLIT,incoming_numeric_count,0.025170971329599705
conventional,SPLIT,candidate_numeric_count,-6.855130189663673e-05
conventional,SPLIT,shared_numeric_ratio,-0.15038326172087554
conventional,SPLIT,differing_numeric_count,0.21952340474616483
conventional,SPLIT,incoming_percentage_count,0.031443237437454676
conventional,SPLIT,incoming_currency_count,-0.02847819129150694
conventional,SPLIT,negation_count,0.08320892470775103
qkef,ARCHIVE,candidate_top1_cosine,-0.2008781369943128
qkef,ARCHIVE,candidate_top2_cosine,-0.32286996717189587
qkef,ARCHIVE,candidate_top3_cosine,-0.37492431065938925
qkef,ARCHIVE,candidate_mean_cosine,-0.34281263398914535
qkef,ARCHIVE,candidate_std_cosine,-0.042335566422564926
qkef,ARCHIVE,candidate_top1_top2_margin,-0.05679896455079475
qkef,ARCHIVE,word_jaccard_top1,-0.06430708044295937
qkef,ARCHIVE,sequence_ratio_top1,0.008160998451126084
qkef,ARCHIVE,incoming_word_count,-0.26017089697655355
qkef,ARCHIVE,candidate_word_count,-0.13544806316021038
qkef,ARCHIVE,length_ratio,-0.198196503655388
qkef,ARCHIVE,absolute_length_difference,-0.03776854305242632
qkef,ARCHIVE,incoming_paragraph_count,0.7419477667695491
qkef,ARCHIVE,incoming_sentence_count,-0.22967236033924182
qkef,ARCHIVE,incoming_numeric_count,-0.07249903689579815
qkef,ARCHIVE,candidate_numeric_count,-0.05333322294323318
qkef,ARCHIVE,shared_numeric_ratio,0.0008156148716935548
qkef,ARCHIVE,differing_numeric_count,-0.11156495411189242
qkef,ARCHIVE,incoming_percentage_count,-0.04695138179228385
qkef,ARCHIVE,incoming_currency_count,-0.029941795311748114
qkef,ARCHIVE,negation_count,-0.017446229086621506
qkef,ARCHIVE,state_top1_fidelity,-0.22186616651101404
qkef,ARCHIVE,state_top2_fidelity,-0.26124223992445084
qkef,ARCHIVE,state_top3_fidelity,-0.2852825411190232
qkef,ARCHIVE,state_mean_fidelity,-0.28525958319385086
qkef,ARCHIVE,state_top1_top2_margin,-0.06011092245950904
qkef,ARCHIVE,incoming_state_entropy,-0.7987414619811786
qkef,ARCHIVE,candidate_state_entropy,0.24311857888309585
qkef,ARCHIVE,incoming_coherence_like,-0.7319289692348218
qkef,ARCHIVE,candidate_coherence_like,0.2148007671625499
qkef,ARCHIVE,state_hellinger_distance,0.28680533975942046
qkef,COEXIST,candidate_top1_cosine,0.3227692123347789
qkef,COEXIST,candidate_top2_cosine,0.5912350801379571
qkef,COEXIST,candidate_top3_cosine,-0.3048572725394642
qkef,COEXIST,candidate_mean_cosine,0.268442051326482
qkef,COEXIST,candidate_std_cosine,0.276981365198846
qkef,COEXIST,candidate_top1_top2_margin,0.04376673489507765
qkef,COEXIST,word_jaccard_top1,-0.4746919041092704
qkef,COEXIST,sequence_ratio_top1,-0.8429688434968629
qkef,COEXIST,incoming_word_count,-0.1999379575980929
qkef,COEXIST,candidate_word_count,-0.23198241583934126
qkef,COEXIST,length_ratio,0.22981821719256215
qkef,COEXIST,absolute_length_difference,0.4758190195304342
qkef,COEXIST,incoming_paragraph_count,-1.4771704297981936
qkef,COEXIST,incoming_sentence_count,-0.13753288650339512
qkef,COEXIST,incoming_numeric_count,-0.41557548137711187
qkef,COEXIST,candidate_numeric_count,-0.03404205479492181
qkef,COEXIST,shared_numeric_ratio,-0.048366592974330345
qkef,COEXIST,differing_numeric_count,0.32372366323609425
qkef,COEXIST,incoming_percentage_count,0.12365853578673096
qkef,COEXIST,incoming_currency_count,0.12096409651537966
qkef,COEXIST,negation_count,-0.141557766786889
qkef,COEXIST,state_top1_fidelity,0.0650211367161225
qkef,COEXIST,state_top2_fidelity,0.03836642808028531
qkef,COEXIST,state_top3_fidelity,0.014186079687458516
qkef,COEXIST,state_mean_fidelity,0.5687531442159479
qkef,COEXIST,state_top1_top2_margin,0.05193134001768273
qkef,COEXIST,incoming_state_entropy,0.1334333862150302
qkef,COEXIST,candidate_state_entropy,0.20684504946014204
qkef,COEXIST,incoming_coherence_like,0.09792132891105802
qkef,COEXIST,candidate_coherence_like,-0.04848128909937315
qkef,COEXIST,state_hellinger_distance,0.45056772883578167
qkef,MERGE,candidate_top1_cosine,0.3838950814659219
qkef,MERGE,candidate_top2_cosine,0.06666479360538956
qkef,MERGE,candidate_top3_cosine,0.27358720804091025
qkef,MERGE,candidate_mean_cosine,0.2526351612101812
qkef,MERGE,candidate_std_cosine,0.38765969966339336
qkef,MERGE,candidate_top1_top2_margin,0.46935914547707486
qkef,MERGE,word_jaccard_top1,0.1986430934076502
qkef,MERGE,sequence_ratio_top1,0.5423583020084576
qkef,MERGE,incoming_word_count,-0.06470778294564837
qkef,MERGE,candidate_word_count,-0.2559936170376074
qkef,MERGE,length_ratio,0.13629112548379324
qkef,MERGE,absolute_length_difference,-0.008720045547993875
qkef,MERGE,incoming_paragraph_count,2.1035054746664965
qkef,MERGE,incoming_sentence_count,0.04788633639259652
qkef,MERGE,incoming_numeric_count,-0.006539177411875177
qkef,MERGE,candidate_numeric_count,-0.0770139630231653
qkef,MERGE,shared_numeric_ratio,0.3170544150922065
qkef,MERGE,differing_numeric_count,-0.614127619846754
qkef,MERGE,incoming_percentage_count,0.1209254170890741
qkef,MERGE,incoming_currency_count,-0.03879442858476656
qkef,MERGE,negation_count,0.11395116981646825
qkef,MERGE,state_top1_fidelity,0.3012790974509567
qkef,MERGE,state_top2_fidelity,0.06693403876348436
qkef,MERGE,state_top3_fidelity,0.14643676276580295
qkef,MERGE,state_mean_fidelity,0.22948708136412482
qkef,MERGE,state_top1_top2_margin,0.3402075977448205
qkef,MERGE,incoming_state_entropy,0.006520944667880009
qkef,MERGE,candidate_state_entropy,-0.04540088739951074
qkef,MERGE,incoming_coherence_like,0.08383758790998608
qkef,MERGE,candidate_coherence_like,0.06736835961321393
qkef,MERGE,state_hellinger_distance,-0.10900340665867557
qkef,NEW,candidate_top1_cosine,-0.780890992146316
qkef,NEW,candidate_top2_cosine,-0.6803970595301738
qkef,NEW,candidate_top3_cosine,0.3087851960293582
qkef,NEW,candidate_mean_cosine,-0.5157548152881567
qkef,NEW,candidate_std_cosine,-0.748664832424174
qkef,NEW,candidate_top1_top2_margin,-0.5975787018543629
qkef,NEW,word_jaccard_top1,-0.2911629725507168
qkef,NEW,sequence_ratio_top1,-0.018432473182919018
qkef,NEW,incoming_word_count,-0.12234030595859931
qkef,NEW,candidate_word_count,0.3869516783927035
qkef,NEW,length_ratio,-0.38523345684243215
qkef,NEW,absolute_length_difference,-0.23516349340030177
qkef,NEW,incoming_paragraph_count,-1.6995799359582942
qkef,NEW,incoming_sentence_count,0.1271459510408504
qkef,NEW,incoming_numeric_count,0.5140442523563813
qkef,NEW,candidate_numeric_count,0.1354200666195688
qkef,NEW,shared_numeric_ratio,-0.26706361163864833
qkef,NEW,differing_numeric_count,-0.0861127725792508
qkef,NEW,incoming_percentage_count,-0.019677204943535722
qkef,NEW,incoming_currency_count,-0.2376150745399162
qkef,NEW,negation_count,0.0650834866254762
qkef,NEW,state_top1_fidelity,-0.2123824151137531
qkef,NEW,state_top2_fidelity,0.10224456421856457
qkef,NEW,state_top3_fidelity,0.2809293726350696
qkef,NEW,state_mean_fidelity,-0.3716942787853211
qkef,NEW,state_top1_top2_margin,-0.374075465415196
qkef,NEW,incoming_state_entropy,-0.010208731287255643
qkef,NEW,candidate_state_entropy,-0.2256876667658964
qkef,NEW,incoming_coherence_like,-0.01750971095844439
qkef,NEW,candidate_coherence_like,-0.08447088344242498
qkef,NEW,state_hellinger_distance,-0.09939407130740735
qkef,REPLACE,candidate_top1_cosine,0.4287686391416248
qkef,REPLACE,candidate_top2_cosine,0.1632285863949977
qkef,REPLACE,candidate_top3_cosine,-0.1023621776858308
qkef,REPLACE,candidate_mean_cosine,0.2126369674391481
qkef,REPLACE,candidate_std_cosine,0.4927669978038162
qkef,REPLACE,candidate_top1_top2_margin,0.46602558602779154
qkef,REPLACE,word_jaccard_top1,0.8678152096073632
qkef,REPLACE,sequence_ratio_top1,0.604807734099927
qkef,REPLACE,incoming_word_count,0.035052593765733366
qkef,REPLACE,candidate_word_count,0.12477046379876502
qkef,REPLACE,length_ratio,-0.11166821163460058
qkef,REPLACE,absolute_length_difference,-0.34778811191751674
qkef,REPLACE,incoming_paragraph_count,-2.0267203615662956
qkef,REPLACE,incoming_sentence_count,-0.08543397598559921
qkef,REPLACE,incoming_numeric_count,0.01675556771897131
qkef,REPLACE,candidate_numeric_count,0.08892208566000193
qkef,REPLACE,shared_numeric_ratio,0.19400319661620163
qkef,REPLACE,differing_numeric_count,0.2248061434106294
qkef,REPLACE,incoming_percentage_count,-0.15737463033346202
qkef,REPLACE,incoming_currency_count,0.16777984795844358
qkef,REPLACE,negation_count,-0.04524015875037667
qkef,REPLACE,state_top1_fidelity,0.3237745413436775
qkef,REPLACE,state_top2_fidelity,0.18109067557292016
qkef,REPLACE,state_top3_fidelity,0.05805084237876805
qkef,REPLACE,state_mean_fidelity,0.17292097762772715
qkef,REPLACE,state_top1_top2_margin,0.26753829436908055
qkef,REPLACE,incoming_state_entropy,0.09689516306768406
qkef,REPLACE,candidate_state_entropy,0.09472798617737437
qkef,REPLACE,incoming_coherence_like,0.05396103754094528
qkef,REPLACE,candidate_coherence_like,-0.002893853511778738
qkef,REPLACE,state_hellinger_distance,-0.5780960059519861
qkef,SPLIT,candidate_top1_cosine,-0.15366380380169664
qkef,SPLIT,candidate_top2_cosine,0.18213856656372546
qkef,SPLIT,candidate_top3_cosine,0.1997713568144142
qkef,SPLIT,candidate_mean_cosine,0.12485326930148966
qkef,SPLIT,candidate_std_cosine,-0.3664076638193153
qkef,SPLIT,candidate_top1_top2_margin,-0.3247737999947861
qkef,SPLIT,word_jaccard_top1,-0.2362963459120641
qkef,SPLIT,sequence_ratio_top1,-0.2939257178797305
qkef,SPLIT,incoming_word_count,0.6121043497131602
qkef,SPLIT,candidate_word_count,0.11170195384568929
qkef,SPLIT,length_ratio,0.32898882945606484
qkef,SPLIT,absolute_length_difference,0.15362117438780237
qkef,SPLIT,incoming_paragraph_count,2.358017485886743
qkef,SPLIT,incoming_sentence_count,0.27760693539478903
qkef,SPLIT,incoming_numeric_count,-0.03618612439056578
qkef,SPLIT,candidate_numeric_count,-0.059952911518251134
qkef,SPLIT,shared_numeric_ratio,-0.19644302196712465
qkef,SPLIT,differing_numeric_count,0.26327553989117114
qkef,SPLIT,incoming_percentage_count,-0.020580735806523903
qkef,SPLIT,incoming_currency_count,0.017607353962607344
qkef,SPLIT,negation_count,0.025209498181943794
qkef,SPLIT,state_top1_fidelity,-0.25582619388599
qkef,SPLIT,state_top2_fidelity,-0.12739346671080531
qkef,SPLIT,state_top3_fidelity,-0.21432051634807678
qkef,SPLIT,state_mean_fidelity,-0.3142073412286278
qkef,SPLIT,state_top1_top2_margin,-0.22549084425688148
qkef,SPLIT,incoming_state_entropy,0.5721006993178359
qkef,SPLIT,candidate_state_entropy,-0.27360306035520393
qkef,SPLIT,incoming_coherence_like,0.5137187258312736
qkef,SPLIT,candidate_coherence_like,-0.14632310072218513
qkef,SPLIT,state_hellinger_distance,0.04912041532287
