sample_id,true_action,classifier_top1,prediction_set,decision,chosen_action,committed
sample_6fa66572f34ef01ac1e5,ARCHIVE,ARCHIVE,ARCHIVE,AUTO_COMMIT,ARCHIVE,True
sample_37564180f838c4e5bae7,ARCHIVE,ARCHIVE,ARCHIVE,AUTO_COMMIT,ARCHIVE,True
sample_78bb065a987c951ba340,ARCHIVE,ARCHIVE,ARCHIVE,AUTO_COMMIT,ARCHIVE,True
sample_b3ea934ca034a901fa80,ARCHIVE,ARCHIVE,ARCHIVE,AUTO_COMMIT,ARCHIVE,True
sample_ff1562d5b203371f68fa,ARCHIVE,ARCHIVE,ARCHIVE,AUTO_COMMIT,ARCHIVE,True
sample_12cd398970303fa5de7c,ARCHIVE,ARCHIVE,ARCHIVE,AUTO_COMMIT,ARCHIVE,True
sample_fef4337a0d7c99beb8e0,ARCHIVE,ARCHIVE,ARCHIVE,AUTO_COMMIT,ARCHIVE,True
sample_6fc1f165bc8d57dd94d4,ARCHIVE,ARCHIVE,ARCHIVE,AUTO_COMMIT,ARCHIVE,True
sample_fa99f27e486ec8847f87,ARCHIVE,ARCHIVE,ARCHIVE,AUTO_COMMIT,ARCHIVE,True
sample_60f532f11593c010098c,ARCHIVE,ARCHIVE,ARCHIVE,AUTO_COMMIT,ARCHIVE,True
sample_4728f30ff569c7bc572d,COEXIST,COEXIST,COEXIST|NEW,QUARANTINE,,False
sample_28fb9378b6dce3b2f7a9,COEXIST,COEXIST,COEXIST|NEW,QUARANTINE,,False
sample_5616eb9e5f709ae465e2,COEXIST,NEW,NEW,AUTO_COMMIT,NEW,True
sample_76142533d416a242bfe7,COEXIST,COEXIST,COEXIST|NEW,QUARANTINE,,False
sample_afd451054afe46ddee90,COEXIST,NEW,COEXIST|NEW,QUARANTINE,,False
sample_a7d7fe8bf42ab81f2a66,COEXIST,COEXIST,COEXIST|NEW,QUARANTINE,,False
sample_a99b162f3ad5bb5c56ef,COEXIST,COEXIST,COEXIST|NEW,QUARANTINE,,False
sample_0182c77dc1e3bed42d9d,COEXIST,NEW,NEW,AUTO_COMMIT,NEW,True
sample_064f149d6ebd8d8437e1,COEXIST,COEXIST,COEXIST|NEW,QUARANTINE,,False
sample_296f027d0707c3cc3451,COEXIST,NEW,COEXIST|NEW,QUARANTINE,,False
sample_6698157128a292208c8d,MERGE,MERGE,MERGE,AUTO_COMMIT,MERGE,True
sample_14e8c1a000b0af3cce24,MERGE,MERGE,MERGE,AUTO_COMMIT,MERGE,True
sample_d18ecff9f9f4d4874a61,MERGE,MERGE,MERGE,AUTO_COMMIT,MERGE,True
sample_42e6b234a5f064d6cdd5,MERGE,MERGE,MERGE|NEW,QUARANTINE,,False
sample_62baab09989027ef2972,MERGE,MERGE,MERGE,AUTO_COMMIT,MERGE,True
sample_22a3567f4a497f4a1433,MERGE,MERGE,MERGE,AUTO_COMMIT,MERGE,True
sample_b44fb689d21552579932,MERGE,MERGE,MERGE,AUTO_COMMIT,MERGE,True
sample_79e509f3692ba39770e6,MERGE,MERGE,MERGE,AUTO_COMMIT,MERGE,True
sample_1013d0ac049c5c054f3b,MERGE,MERGE,MERGE,AUTO_COMMIT,MERGE,True
sample_6dc005b3a156e354b840,MERGE,MERGE,MERGE,AUTO_COMMIT,MERGE,True
sample_4ef8e790b334ae55a262,NEW,NEW,NEW,AUTO_COMMIT,NEW,True
sample_3100ef3944180f44ec8e,NEW,NEW,NEW,AUTO_COMMIT,NEW,True
sample_767a05febe940dc1a335,NEW,NEW,COEXIST|NEW,QUARANTINE,,False
sample_803ff7d565351feb7c3c,NEW,NEW,NEW,AUTO_COMMIT,NEW,True
sample_7573149a3cc8f4f4262f,NEW,NEW,COEXIST|NEW,QUARANTINE,,False
sample_8838cb5c4bdfca8424c8,NEW,NEW,COEXIST|NEW,QUARANTINE,,False
sample_f805bea7ae412546ee83,NEW,NEW,COEXIST|NEW,QUARANTINE,,False
sample_950fa341c575afdda937,NEW,COEXIST,COEXIST|NEW,QUARANTINE,,False
sample_e1de972612731f9b8741,NEW,COEXIST,COEXIST|NEW,QUARANTINE,,False
sample_402fd490c4f8f1d9cafa,NEW,NEW,COEXIST|NEW,QUARANTINE,,False
sample_14c832594603572b1056,REPLACE,REPLACE,REPLACE,AUTO_COMMIT,REPLACE,True
sample_053ec0f35e66dda17999,REPLACE,REPLACE,REPLACE,AUTO_COMMIT,REPLACE,True
sample_d4bae10ece0731ba6d96,REPLACE,REPLACE,NEW|REPLACE,QUARANTINE,,False
sample_4e17a8de7caed8218ccb,REPLACE,REPLACE,,QUARANTINE,,False
sample_fc8489aa2cf4dd063d54,REPLACE,REPLACE,REPLACE,AUTO_COMMIT,REPLACE,True
sample_2c5357e671a222e62445,REPLACE,REPLACE,REPLACE,AUTO_COMMIT,REPLACE,True
sample_a5626c1e6487f381603d,REPLACE,REPLACE,REPLACE,AUTO_COMMIT,REPLACE,True
sample_e1b09a7e09f586ea4df3,REPLACE,REPLACE,REPLACE,AUTO_COMMIT,REPLACE,True
sample_61c79b79bd9a62569a07,REPLACE,REPLACE,REPLACE,AUTO_COMMIT,REPLACE,True
sample_60f99b9e7af851d1ce93,REPLACE,REPLACE,REPLACE,AUTO_COMMIT,REPLACE,True
sample_f8ddea7b85253691c208,SPLIT,SPLIT,SPLIT,AUTO_COMMIT,SPLIT,True
sample_c5211ba610d381b89412,SPLIT,SPLIT,NEW|SPLIT,QUARANTINE,,False
sample_71087fcb0da7b22f5405,SPLIT,SPLIT,NEW|SPLIT,QUARANTINE,,False
sample_280e5ba7b9f732071799,SPLIT,SPLIT,NEW|SPLIT,QUARANTINE,,False
sample_cf6d43aa19762da7f933,SPLIT,SPLIT,NEW|SPLIT,QUARANTINE,,False
sample_23f31241503c23ded751,SPLIT,SPLIT,NEW|SPLIT,QUARANTINE,,False
sample_c2c37cb2cab3559bc033,SPLIT,SPLIT,NEW|SPLIT,QUARANTINE,,False
sample_4a05c20fcf5ebcb598db,SPLIT,SPLIT,COEXIST|NEW|SPLIT,QUARANTINE,,False
sample_039d283cdd0f7c0c101c,SPLIT,SPLIT,SPLIT,AUTO_COMMIT,SPLIT,True
sample_ff1f2abd7381a0d5a7a6,SPLIT,SPLIT,NEW|SPLIT,QUARANTINE,,False
