event_id,split,expected_action,source_document_ids,original_excerpt,incoming_excerpt,expected_target_ids,mutation_method,automated_integrity,reviewer_name,review_date,reviewer_action,scenario_valid,notes
qkef-calibration-archive-0001,calibration,ARCHIVE,138753,Invest in growth stocks which do not pay any dividends (Note that some part of the dividends issued by a corporation might be from interest received by the company and passed on to you as a dividend); Buy a house from a bank that practices Islamic Banking. See this question which you yourself answered a few weeks ago to understand how this works.,Administrative knowledge-base notice. Target knowledge ID: qkef-calibration-archive-0001-t0 The referenced knowledge item has been withdrawn and should no longer be treated as active.,qkef-calibration-archive-0001-t0,administrative_retraction_notice_v1,PASS,,,,,
qkef-calibration-archive-0002,calibration,ARCHIVE,224371,"""A couple of distinctions. First, if you were to """"invest in real estate"""" were you planning to buy a home to live in, or buy a home to rent out to someone else? Buying a home as a primary residence really isn't """"investing in real estate"""" per se. It's buying a place to live rather than renting one. Unless you rent a room out or get a multi-family unit, your primary residence won't be income-producing. It will be income-draining, for the most part. I speak as a homeowner. Second, if you are buy",Administrative knowledge-base notice. Target knowledge ID: qkef-calibration-archive-0002-t0 The referenced knowledge item has been withdrawn and should no longer be treated as active.,qkef-calibration-archive-0002-t0,administrative_retraction_notice_v1,PASS,,,,,
qkef-calibration-archive-0003,calibration,ARCHIVE,310016,"To make it simple, just use gold as the main benchmark. Gold price never moves, FIAT currencies move around the price of gold. So, when comparing US$ and Australian dollars to the gold, you know which currency is moving up and which down.",Administrative knowledge-base notice. Target knowledge ID: qkef-calibration-archive-0003-t0 The referenced knowledge item has been withdrawn and should no longer be treated as active.,qkef-calibration-archive-0003-t0,administrative_retraction_notice_v1,PASS,,,,,
qkef-calibration-archive-0004,calibration,ARCHIVE,428910,"Definitely not. Credit cards only exist to suck you into the soulless corporate system. What you want to remember here is that you can't trust banks, so you'll want to convert all your savings into some durable asset, say, bitcoins for example, and then hoard them like Smaug until after the Fall.",Administrative knowledge-base notice. Target knowledge ID: qkef-calibration-archive-0004-t0 The referenced knowledge item has been withdrawn and should no longer be treated as active.,qkef-calibration-archive-0004-t0,administrative_retraction_notice_v1,PASS,,,,,
qkef-calibration-archive-0005,calibration,ARCHIVE,347935,"Another way to look at it is that deductibles are intended as incentives or subsidies to particular industries (in this case the healthcare industry). Guaranteeing a decent standard of living and making sure everybody can meet the costs of “necessities” can be achieved much more easily by a low tax rate on the first XXX$ of income and/or generic welfare benefits rather than any measure focused on making healthcare, food or whatnot cheaper or free under certain conditions. Incidentally, many coun",Administrative knowledge-base notice. Target knowledge ID: qkef-calibration-archive-0005-t0 The referenced knowledge item has been withdrawn and should no longer be treated as active.,qkef-calibration-archive-0005-t0,administrative_retraction_notice_v1,PASS,,,,,
qkef-calibration-coexist-0001,calibration,COEXIST,45638|74266,"The MIRR formula uses the finance rate to discount negative cash flows, but since the only negative cash flow in the example in in the current period, there's nothing to discount. It's meant to solve problems with IRR like when there are both positive and negative cash flows, which can result in multiple answers for IRR. The example they give isn't a good one for MIRR because it's a simple spend now, earn later scenario, which IRR is perfectly fine for. If you add a negative cashflow somewhere a","The value does change from 12.61% to 13.48%. The difference between re-investing cashflows at 14% vs 12% is not big enough to change the rounded value. Edit: The initial cashflow is discounted at t0, meaning it's already equal to its present value and the finance rate doesn't have an effect. It does impact future outgoing cashflows, as you've noted.",qkef-calibration-coexist-0001-t0,same_query_original_document_v1,PASS,,,,,
qkef-calibration-coexist-0002,calibration,COEXIST,462481|90902,"""I'll add 2 observations regarding current answers. Jack nailed it - a 401(k) match beats all. But choose the right flavor account. You are currently in the 15% bracket (i.e. your marginal tax rate, the rate paid on the last taxed $100, and next taxed $100.) You should focus on Roth. Roth 401(k) (and if any company match, that goes into a traditional pretax 401(k). But if they permit conversions to the Roth side, do it) You have a long time before retirement to earn your way into the next tax br","First, I would point you to this question: Oversimplify it for me: the correct order of investing With the $50k that you have inherited, you have enough money to pay off all your debt ($40k), purchase a functional used car ($5k), and get a great start on an emergency fund with the rest. There are many who would tell you to wait as long as possible to pay off your student loans and invest the money instead. However, I would pay off the loans right away if I were you. Even if it is low interest ri",qkef-calibration-coexist-0002-t0,same_query_original_document_v1,PASS,,,,,
qkef-calibration-coexist-0003,calibration,COEXIST,279775|433069,"The reason it's not automatic is that Questrade doesn't want to force you to convert in margin accounts at the time of buying the stock. What if you bought a US stock today and the exchange rate happened to be very unfavorable (due to whatever), wouldn't you rather wait a few days to exchange the funds rather than lose on conversion right away? In my opinion, Questrade is doing you a favor by letting you convert at your own convenience.","I personally spoke with a Questrade agent about my question. To make a long story short: in a margin account, you are automatically issued a loan when buying U.S. stock with a Canadian money. Whereas, in a registered account (e.g. RRSP), the amount is converted on your behalf to cover the debit balance. Me: What happens if I open an account and I place an order for U.S. stocks with Canadian money? Is the amount converted at the time of transfer? How does that work? Agent: In a margin account, yo",qkef-calibration-coexist-0003-t0,same_query_original_document_v1,PASS,,,,,
qkef-calibration-coexist-0004,calibration,COEXIST,147765|445230,"There actually are legitimate reasons, but they don't apply to most people. Here are a few that I know of: You're self-employed and have to pay quarterly estimated taxes. Rather than wait for the refund when you already have to pay 1/4 of next year's taxes at the same time, you just have the IRS apply to refund forward. (so you're not out the money you owe while waiting for your refund). You're filing an amended or late return, and so you're already into the next year, and have a similar situati",sometimes we advise very old or incapacitated people to apply the refund to the next year as check writing from time to time & mailing may be a hassle for them.,qkef-calibration-coexist-0004-t0,same_query_original_document_v1,PASS,,,,,
qkef-calibration-coexist-0005,calibration,COEXIST,283862|317037,"If you are very sure, say 90%, that you'll pay the zero percent card off before paying interest, that would be my choice. Less certainty than that, I think the 6.8% over a longer term is less of a cash flow issue, and you can still pay it in full upon getting the job bonus.",I would use student loans and avoid credit card debt if debt is your only option. Here are the advantages I see: Disadvantages:,qkef-calibration-coexist-0005-t0,same_query_original_document_v1,PASS,,,,,
qkef-calibration-merge-0001,calibration,MERGE,368233|566830,"""I'm not sure of the theological basis against usury in sharia law. IIRC, sharia forbids excess compensation, and the modern interpretation of this includes interest. Rules about banking are common in religious faiths. The Catholic church viewed interest as the """"selling of time"""", and since time is a force controlled by god, charging interest was a heretical practice. For private transactions, modern Islamic banking is a relatively new phenomenon that emerged in the postwar period. I don't thin","""I'm not sure of the theological basis against usury in sharia law. IIRC, sharia forbids excess compensation, and the modern interpretation of this includes interest. Rules about banking are common in religious faiths. The Catholic church viewed interest as the """"selling of time"""", and since time is a force controlled by god, charging interest was a heretical practice. For private transactions, modern Islamic banking is a relatively new phenomenon that emerged in the postwar period. I don't thin",qkef-calibration-merge-0001-t0,copy_base_and_append_source_segment_v1,PASS,,,,,
qkef-calibration-merge-0002,calibration,MERGE,322876|483368,"Everything would depend on whether the calculation is being done using the company's all-time high intraday trading price or all-time high closing price. Further, I've seen calculations using non-public pricing data, such as bid-offer numbers from market makers, although this wouldn't be kosher. The likelihood is that you're seeing numbers that were calculated using different points in time. For the record, I think Apple has overtaken Microsoft's all-time highest market cap with a figure somewhe","Everything would depend on whether the calculation is being done using the company's all-time high intraday trading price or all-time high closing price. Further, I've seen calculations using non-public pricing data, such as bid-offer numbers from market makers, although this wouldn't be kosher. The likelihood is that you're seeing numbers that were calculated using different points in time. For the record, I think Apple has overtaken Microsoft's all-time highest market cap with a figure somewhe",qkef-calibration-merge-0002-t0,copy_base_and_append_source_segment_v1,PASS,,,,,
qkef-calibration-merge-0003,calibration,MERGE,468984|519173,"I agree with the previous comments one thing that got brought up a while back when I was looking into purchasing a Prius was the battery replacement, someone once told me it was very expensive in the event it failed and needed to be changed, I'm not talking about the 12 volt but the big nickel metal hydride one. Another thing to factor is the gas that you will save, normally the Prius get double the gas milage of that of civic or a corolla but unless you drive a bunch of miles per day you really","I agree with the previous comments one thing that got brought up a while back when I was looking into purchasing a Prius was the battery replacement, someone once told me it was very expensive in the event it failed and needed to be changed, I'm not talking about the 12 volt but the big nickel metal hydride one. Another thing to factor is the gas that you will save, normally the Prius get double the gas milage of that of civic or a corolla but unless you drive a bunch of miles per day you really",qkef-calibration-merge-0003-t0,copy_base_and_append_source_segment_v1,PASS,,,,,
qkef-calibration-merge-0004,calibration,MERGE,115862|439566,"My experience with owning a home is that its like putting down roots and can be like an anchor holding you to an area. Before considering whether you can financially own a home consider some of the other implications. Once you own it you are stuck for awhile and cannot quickly move away like you can with renting. So if a better job opportunity comes up or your employer moves you to another office across town that doubles your commute time, you'll be regretting the home purchase as it will be a b","My experience with owning a home is that its like putting down roots and can be like an anchor holding you to an area. Before considering whether you can financially own a home consider some of the other implications. Once you own it you are stuck for awhile and cannot quickly move away like you can with renting. So if a better job opportunity comes up or your employer moves you to another office across town that doubles your commute time, you'll be regretting the home purchase as it will be a b",qkef-calibration-merge-0004-t0,copy_base_and_append_source_segment_v1,PASS,,,,,
qkef-calibration-merge-0005,calibration,MERGE,101993|390366,"It's because they're used to it and it works for them. Everything other reason is meh. Used to, you could float a check to payday... have no money in the account, yet write a check a couple days before payday because you know that's how long it takes for the check to get to your bank and when it does, you'll have the money. But most (if not all) business that still accept checks (a dying subset, for sure) electronically present the check now. They take it from your hand, run it through a machine","It's because they're used to it and it works for them. Everything other reason is meh. Used to, you could float a check to payday... have no money in the account, yet write a check a couple days before payday because you know that's how long it takes for the check to get to your bank and when it does, you'll have the money. But most (if not all) business that still accept checks (a dying subset, for sure) electronically present the check now. They take it from your hand, run it through a machine",qkef-calibration-merge-0005-t0,copy_base_and_append_source_segment_v1,PASS,,,,,
qkef-calibration-new-0001,calibration,NEW,179615,,"You're knowingly providing a payment method which has insufficient funds to meet the terms of the contract, because you are too lazy to comply with the contract. That's unethical and fraudulent behavior. Will you get in trouble? I don't know. I'd suggest getting acquainted with an electronic calendar that can remind you to do things.",,introduce_original_fiqa_document_v1,PASS,,,,,
qkef-calibration-new-0002,calibration,NEW,254152,,"First of all, think of anyone you know in your circle locally who may have gotten a mortgage recently. Ask him, her, or them for a recommendation on what brokers they found helpful and most of all priced competitively. Second of all, you may consider asking a real estate agent. Note that this is generally discouraged because agents sometimes (and sometimes justifiably) get a bad reputation for doing anything to get themselves the highest commission possible, and so folks want to keep the lender ",,introduce_original_fiqa_document_v1,PASS,,,,,
qkef-calibration-new-0003,calibration,NEW,450742,,"""How low you can reduce your costs does depend on your calling pattern. How many minutes per month you call locally; call long distance; call internationally; and how many minutes you receive calls for. If all these figures are low, you can be better off with a pay-per-minute service, if any of the outbound figures are high then you could consider a flat-rate """"unlimited"""" service. So that's the first step, determine your needs: don't pay for what you don't need. For example, I barely use a """"la",,introduce_original_fiqa_document_v1,PASS,,,,,
qkef-calibration-new-0004,calibration,NEW,21111,,"Most readers probably know that an acronym is an invented word made up of the initial letters or syllables of other words, like NASA or NATO. Fewer probably know that an initialism is a type of acronym that cannot be pronounced as a word, but must be read letter-by-letter, like FBI or UCLA. A quote from Daily Writing Tips. CAGR is an initialism, and should not be pronounced.",,introduce_original_fiqa_document_v1,PASS,,,,,
qkef-calibration-new-0005,calibration,NEW,123418,,"""(I answered a similar question before.) Essentially, you shouldn't trust a site you find on the Internet merely because it looks professional and real. Before signing up with any new service provider you found online, you should verify the authenticity of both the organization itself and their web site address. Even if the name displayed by a web site represents a legitimate brokerage firm, any site you happen to come across on the Internet could be an elaborate spoof of a real company, intende",,introduce_original_fiqa_document_v1,PASS,,,,,
qkef-calibration-replace-0001,calibration,REPLACE,386567,"Here in Germany there is a special case. I am studying (and working a little on the side) and still receiving child benefits from the state which is like 190€/m. Because I am getting this I don't have to pay tuition which is 1k/y. If my side income would get over the boundary (which is like 9k/y) I would lose those benefits (~3.3k) and would have to pay insurance myself (I dont know how much that would be. 50-100/m I guess.) So getting a raise from 8k to 10k sounds nice as it is a 25% raise, but","Here in Germany there is a special case. I am studying (and working a little on the side) and still receiving child benefits from the state which is like 191€/m. Because I am getting this I don't have to pay tuition which is 1k/y. If my side income would get over the boundary (which is like 9k/y) I would lose those benefits (~3.3k) and would have to pay insurance myself (I dont know how much that would be. 50-100/m I guess.) So getting a raise from 8k to 10k sounds nice as it is a 25% raise, but",qkef-calibration-replace-0001-t0,single_numeric_token_mutation_v1,PASS,,,,,
qkef-calibration-replace-0002,calibration,REPLACE,226839,Are you implying that Amazon is a better investment than GE because Amazon's P/E is 175 while GE's is only 27? Or that GE is a better investment than Apple because Apple's P/E is just 13. There are a lot of other ratios to consider than P/E. I personally view high P/E numbers as a red flag. One way to think of a P/E ratio is the number of years it's expected for the company to earn its market cap. (Share price divided by annual earnings per share) It will take Amazon 175 years to earn $353 billi,Are you implying that Amazon is a better investment than GE because Amazon's P/E is 176 while GE's is only 27? Or that GE is a better investment than Apple because Apple's P/E is just 13. There are a lot of other ratios to consider than P/E. I personally view high P/E numbers as a red flag. One way to think of a P/E ratio is the number of years it's expected for the company to earn its market cap. (Share price divided by annual earnings per share) It will take Amazon 175 years to earn $353 billi,qkef-calibration-replace-0002-t0,single_numeric_token_mutation_v1,PASS,,,,,
qkef-calibration-replace-0003,calibration,REPLACE,180686,"If he can't manage, best is he sells it off. Its easier to manage cash. Not sure what tax you are talking about. He should have already paid tax on fair market value of the 20 flats. If the intention of Mr X is to gift to son by way of death, then yes the tax will be less. Else whenever Mr X sells there will be tax. how to manage these 20 apartments? Hire a broker. He may front run quite a few things like showing the place etc. There is a risk if he is given a free hand, he may not get good qual","If he can't manage, best is he sells it off. Its easier to manage cash. Not sure what tax you are talking about. He should have already paid tax on fair market value of the 21 flats. If the intention of Mr X is to gift to son by way of death, then yes the tax will be less. Else whenever Mr X sells there will be tax. how to manage these 20 apartments? Hire a broker. He may front run quite a few things like showing the place etc. There is a risk if he is given a free hand, he may not get good qual",qkef-calibration-replace-0003-t0,single_numeric_token_mutation_v1,PASS,,,,,
qkef-calibration-replace-0004,calibration,REPLACE,153443,"http://www.ftc.gov/bcp/edu/pubs/consumer/credit/cre27.pdf if you are in the US Look at section 805 and 805 about how they may contact you and what they are and aren't allowed to do. You can simply send a Certified Mail, Return Receipt (CMRR) letter explaining you have no part of it, and that they are not allowed to contact you by any means other than in writing from this point forward. Then you can either put return to sender on the letters (it costs them money) or open them and delete anything ","http://www.ftc.gov/bcp/edu/pubs/consumer/credit/cre27.pdf if you are in the US Look at section 806 and 805 about how they may contact you and what they are and aren't allowed to do. You can simply send a Certified Mail, Return Receipt (CMRR) letter explaining you have no part of it, and that they are not allowed to contact you by any means other than in writing from this point forward. Then you can either put return to sender on the letters (it costs them money) or open them and delete anything ",qkef-calibration-replace-0004-t0,single_numeric_token_mutation_v1,PASS,,,,,
qkef-calibration-replace-0005,calibration,REPLACE,91804,"Is there a debit card accessing this account? When you spend money on a debit card for certain item, including, but not limited to gas, restaurant, hotel, a bit extra is held in reserve. For example, a $100 restaurant charge might hold $125, to allow for a tip. (You're a generous tipper, right?) The actual sales slips my take days to reconcile. It's for this reason that I've remarked how credit cards have their place. Using debit cards requires that one have more in their account than they need ","Is there a debit card accessing this account? When you spend money on a debit card for certain item, including, but not limited to gas, restaurant, hotel, a bit extra is held in reserve. For example, a $110 restaurant charge might hold $125, to allow for a tip. (You're a generous tipper, right?) The actual sales slips my take days to reconcile. It's for this reason that I've remarked how credit cards have their place. Using debit cards requires that one have more in their account than they need ",qkef-calibration-replace-0005-t0,single_numeric_token_mutation_v1,PASS,,,,,
qkef-calibration-split-0001,calibration,SPLIT,220733|557870,,"I would not recommend using your own money to pay off something that is not a strong asset. Use the savings where it will have the maximum return. Why not put (some of) the savings into another investment mortgage? Thanks to the leverage your return would be much higher than 5.5%, plus you would have more income. --- KNOWLEDGE SEGMENT BOUNDARY --- ""A credit card is a way to borrow money. That's all. Sometimes the loans are very small - $5 - and sometimes they are larger. You can have a credit ca",,join_distinct_query_documents_with_boundary_v1,PASS,,,,,
qkef-calibration-split-0002,calibration,SPLIT,108081|129364,,"I don't think the location of the funds is any of your concern. You're buying a CDI, which is: Australian financial instruments The US has no jurisdiction over you, being you an Australian, so unless you own a US-based asset (i.e.: a real-estate in the US, or a US brokerage account), US tax laws shouldn't matter to you. --- KNOWLEDGE SEGMENT BOUNDARY --- ""So my read on the question is """"How do I invest 300k such that it earns me a 'living wage' without the ongoing grind inherent in most formal e",,join_distinct_query_documents_with_boundary_v1,PASS,,,,,
qkef-calibration-split-0003,calibration,SPLIT,124507|111266,,"The general rule is: Generally, in order to claim a business deduction for your home, you must use part of your home exclusively and regularly: Exclusively seems to be the toughest standard and I do not know exactly how strict the IRS's interpretation is. Working in your living room where you regularly watch TV and have people over on the weekends would seem to fail that test. A separate room with your computer in it would pass it. If it was your only computer and you regularly played online gam",,join_distinct_query_documents_with_boundary_v1,PASS,,,,,
qkef-calibration-split-0004,calibration,SPLIT,597880|309037,,"If by being a millionaire you mean dollar millionaire then I doubt that it is really that easy in Pakistani context. At present the exchange rate is 107 Pakistani rupees per US dollar so even with this exchange rate, to have a million US dollars means having 107 million rupees of wealth. Now with this maths in mind you can very well calculate how much possible it is for an average 25 years old Pakistani to have that much wealth. And by the time you have 107 million Pakistani rupees of wealth the",,join_distinct_query_documents_with_boundary_v1,PASS,,,,,
qkef-calibration-split-0005,calibration,SPLIT,424247|456474,,"""Congratulations on a solid start. Here are my thoughts, based on your situation: Asset Classes I would recommend against a long-term savings account as an investment vehicle. While very safe, the yields will almost always be well below inflation. Since you have a long time horizon (most likely at least 30 years to retirement), you have enough time to take on more risk, as long as it's not more than you can live with. If you are looking for safer alternatives to stocks for part of your investmen",,join_distinct_query_documents_with_boundary_v1,PASS,,,,,
qkef-dev-archive-0001,dev,ARCHIVE,555506,"I can't provide a list, but when I took out my Stocks and Shares, I extensively researched for a good, cheap, flexible option and I went with FoolShareDealing. I've found them to be good, and their online trading system works well. I hope that's still the case.",Administrative knowledge-base notice. Target knowledge ID: qkef-dev-archive-0001-t0 The referenced knowledge item has been withdrawn and should no longer be treated as active.,qkef-dev-archive-0001-t0,administrative_retraction_notice_v1,PASS,,,,,
qkef-dev-archive-0002,dev,ARCHIVE,449117,"Just to aid your searching, note that what your employer has provided you with access to is a Group Personal Pension . Now, as to the question of whether partial transfers from a GPP to a SIPP are possible - the answer would appear to be Probably Yes; however you should contact the pension administrator at your employer (who will be able to give both the employer's and the scheme's points of view), and also the SIPP provider you are considering, to get a definitive answer. I'm basing this on the",Administrative knowledge-base notice. Target knowledge ID: qkef-dev-archive-0002-t0 The referenced knowledge item has been withdrawn and should no longer be treated as active.,qkef-dev-archive-0002-t0,administrative_retraction_notice_v1,PASS,,,,,
qkef-dev-archive-0003,dev,ARCHIVE,158816,The market sets prices and the way JP Morgan or any other bank or organization determines the price it's willing to deal in would be proprietary business information.,Administrative knowledge-base notice. Target knowledge ID: qkef-dev-archive-0003-t0 The referenced knowledge item has been withdrawn and should no longer be treated as active.,qkef-dev-archive-0003-t0,administrative_retraction_notice_v1,PASS,,,,,
qkef-dev-archive-0004,dev,ARCHIVE,366055,"I think it's advisable to exercise a fair amount of caution when posting information about yourself online. With the advances in data aggregation efforts, information that would have been considered sufficiently anonymized in years past might no longer be sufficient to protect you from bad actors online. For example, depending on which state, and even which county you live in, the county recorder's office may allow anyone with Internet access to freely search property records by your name. If th",Administrative knowledge-base notice. Target knowledge ID: qkef-dev-archive-0004-t0 The referenced knowledge item has been withdrawn and should no longer be treated as active.,qkef-dev-archive-0004-t0,administrative_retraction_notice_v1,PASS,,,,,
qkef-dev-archive-0005,dev,ARCHIVE,37306,"""I used Quicken, so this may or may not be helpful. I have a Cash account that I call """"Temporary Assets and Liabilities"""" where I track money that I am owed (or that I owe in some cases). So if I pay for something that is really not my expense, it is transferred to this account (""""transferred"""" in Quicken terms). The payment is then not treated as an expense and the reimbursement is not treated as income--the two transactions just balance out.""",Administrative knowledge-base notice. Target knowledge ID: qkef-dev-archive-0005-t0 The referenced knowledge item has been withdrawn and should no longer be treated as active.,qkef-dev-archive-0005-t0,administrative_retraction_notice_v1,PASS,,,,,
qkef-dev-coexist-0001,dev,COEXIST,322826|479461,"As Ross says, SPX is the index itself. This carries no overheads. It is defined as a capitalization-weighted mixture of the stocks of (about) 500 companies. SPY is an index fund that tries to match the performance of SPX. As an index fund it has several differences from the index:","""The S&P 500 is an index. This refers to a specific collection of securities which is held in perfect proportion. The dollar value of an index is scaled arbitrarily and is based off of an arbitrary starting price. (Side note: this is why an index never has a """"split""""). Lets look at what assumptions are included in the pricing of an index: All securities are held in perfect proportion. This means that if you invest $100 in the index you will receive 0.2746 shares of IBM, 0.000478 shares of Gener",qkef-dev-coexist-0001-t0,same_query_original_document_v1,PASS,,,,,
qkef-dev-coexist-0002,dev,COEXIST,236444|350366,"The best way to make money on a downward market is to buy at the bottom, sell at the top. Lather, rinse, repeat.","If you want to make money while European equities markets are crashing and the Euro itself is devaluing: None of these strategies are to be taken lightly. All involve risk. There are probably numerous ways that you can lose even though it seems like you should win. Transaction fees could eat your profits, especially if you have only a small amount of capital to invest with. The worst part is that they all involve timing. If you think the crash is coming next week, you could, say, buy a bunch of ",qkef-dev-coexist-0002-t0,same_query_original_document_v1,PASS,,,,,
qkef-dev-coexist-0003,dev,COEXIST,361475|453221,"Atm machine and my Credit Union account. Low fees (often zero, if the machine is on any of the same networks) and decent exchange rate, and no need to carry cash or traveler's checks to be exchanged. Alternatively, pay by credit card, though there is a foreign transaction fee on that.","I use xoom.com to transfer money to India. I've been using them for over 2 years now, they are the fastest and the cheapest for me (the funds are usually available the same day). They seem to have added a lot of European countries to their list. Definitely worth a shot.",qkef-dev-coexist-0003-t0,same_query_original_document_v1,PASS,,,,,
qkef-dev-coexist-0004,dev,COEXIST,392876|396844,"The situation you're proposing is an over-simplification that wouldn't occur in practice. Orders occur in a sequence over time. Time is an important part of the order matching process. Orders are not processed in parallel; otherwise, the problem of fairness, already heavily regulated, would become even more complex. First, crossed and locked markets are forbidden by regulators. Crossed orders are where one exchange has a higher bid than another's ask, or a lower ask than another's bid. A locked ",It depends on the sequence in which the order [bid and ask] were placed. Please read the below question to understand how the order are matched. How do exchanges match limit orders?,qkef-dev-coexist-0004-t0,same_query_original_document_v1,PASS,,,,,
qkef-dev-coexist-0005,dev,COEXIST,165103|208219,"Most bank registers (where you write down entries) show deposits (+) to account as a CREDIT. Payments, fees, and withdrawals are DEBITs to your bank accounnt. On loans such as credit card accounts, a credit to your loan account is a payment or other reductions of the amount you owe. A charge to your account is a DEBIT to you loan account. They did this just to confuse us!","""If you are considering this to be an entry for your business this is how you would handle it.... You said you were making a balance sheet for monthly expenses. So on the Balance Sheet, you would be debiting cash. For the Income Statement side you would be crediting Owner's Equity to balance the equation: Assets = Liabilities + Owner's Equity So if you deposited $100 to your account the equation would be affected thus: $ 100 in Assets (Debit to Cash Account) = 0 Liabilities - $100 (Credit to Own",qkef-dev-coexist-0005-t0,same_query_original_document_v1,PASS,,,,,
qkef-dev-merge-0001,dev,MERGE,112946|42441,"The actual price is represented on charts and not the change in price as a percentage, because it is the actual price which is used in all other parts of analysis (both technical and fundamental), and it is the actual figure the security is bought and sold at. A change in price has to be relative to a previous price at a previous time, and we can easily work out the change in price over any given time period. I think what you are concerned about is how to compare a certain actual price change in","The actual price is represented on charts and not the change in price as a percentage, because it is the actual price which is used in all other parts of analysis (both technical and fundamental), and it is the actual figure the security is bought and sold at. A change in price has to be relative to a previous price at a previous time, and we can easily work out the change in price over any given time period. I think what you are concerned about is how to compare a certain actual price change in",qkef-dev-merge-0001-t0,copy_base_and_append_source_segment_v1,PASS,,,,,
qkef-dev-merge-0002,dev,MERGE,105717|177114,"Yes, http://shares.telegraph.co.uk/stockscreener/ has what you're looking for.","Yes, http://shares.telegraph.co.uk/stockscreener/ has what you're looking for. Additional related information: ""Although this is an old question, it's worth pointing out that the Google Stock Screener now supports stocks traded on the London Stock Exchange.",qkef-dev-merge-0002-t0,copy_base_and_append_source_segment_v1,PASS,,,,,
qkef-dev-merge-0003,dev,MERGE,307675|396738,"Let's ask another question: Why do you buy X at price $Y? Here are some answers: Now, another question: Are you guaranteed to get at least $Y worth of value when you buy X? Of course not! A lot of things can happen. Your car can be a lemon. Your pedigreed Dachshund can get run over by a snowblower. Or, the prices of the underlying commodity or security can go against your futures contract. You can raise your chances of getting appropriate value out of X by doing your homework and hedging your ri","Let's ask another question: Why do you buy X at price $Y? Here are some answers: Now, another question: Are you guaranteed to get at least $Y worth of value when you buy X? Of course not! A lot of things can happen. Your car can be a lemon. Your pedigreed Dachshund can get run over by a snowblower. Or, the prices of the underlying commodity or security can go against your futures contract. You can raise your chances of getting appropriate value out of X by doing your homework and hedging your ri",qkef-dev-merge-0003-t0,copy_base_and_append_source_segment_v1,PASS,,,,,
qkef-dev-merge-0004,dev,MERGE,41852|491567,"Stocks go down and go back up, that's their nature... Why would you sell on a low point? Stocks are a long term investment. If the company is still healthy, it's very likely you'll be able to sell them with a profit if you wait long enough.","Stocks go down and go back up, that's their nature... Why would you sell on a low point? Stocks are a long term investment. If the company is still healthy, it's very likely you'll be able to sell them with a profit if you wait long enough. Additional related information: Ignore sunk costs and look to future returns.",qkef-dev-merge-0004-t0,copy_base_and_append_source_segment_v1,PASS,,,,,
qkef-dev-merge-0005,dev,MERGE,23483|566091,"Looks more like an idea for a business rather than an actual business -- especially since it hasn't even launched. That said, it does have its merits. What bank actually holds the deposit funds becomes irrelevant, and may actaully change from time to time as they forge better partnerships with different banks. Think of it like a mutual fund -- the individual stocks (if there are stocks) in the fund are less important than the balance of risk vs. income and the leveling of change over the course ","Looks more like an idea for a business rather than an actual business -- especially since it hasn't even launched. That said, it does have its merits. What bank actually holds the deposit funds becomes irrelevant, and may actaully change from time to time as they forge better partnerships with different banks. Think of it like a mutual fund -- the individual stocks (if there are stocks) in the fund are less important than the balance of risk vs. income and the leveling of change over the course ",qkef-dev-merge-0005-t0,copy_base_and_append_source_segment_v1,PASS,,,,,
qkef-dev-new-0001,dev,NEW,222635,,"Stocks, gold, commodities, and physical real estate will not be affected by currency changes, regardless of whether those changes are fast or slow. All bonds except those that are indexed to inflation will be demolished by sudden, unexpected devaluation. Notice: The above is true if devaluation is the only thing going on but this will not be the case. Unfortunately, if the currency devalued rapidly it would be because something else is happening in the economy or government. How these asset valu",,introduce_original_fiqa_document_v1,PASS,,,,,
qkef-dev-new-0002,dev,NEW,497599,,"""One way to think of the typical fixed rate mortgage, is that you can calculate the balance at the end of the month. Add a month's interest (rate times balance, then divide by 12) then subtract your payment. The principal is now a bit less, and there's a snowball effect that continues to drop the principal more each month. Even though some might object to my use of the word """"compounding,"""" a prepayment has that effect. e.g. you have a 5% mortgage, and pay $100 extra principal. If you did nothin",,introduce_original_fiqa_document_v1,PASS,,,,,
qkef-dev-new-0003,dev,NEW,495827,,"""Its not for US citizens - its for US residents. If the US considers you as a tax resident - you'll be treated the same as a US citizen, regardless of your immigration status. The question is very unclear, since it is not mentioned whether your US sourced income """"from the Internet"""" is sales in the US, sales on-line, services you provide, investments, or what else. All these are treated differently. For some kinds of US-sourced income you should have paid taxes in the US already, regardless of ",,introduce_original_fiqa_document_v1,PASS,,,,,
qkef-dev-new-0004,dev,NEW,273789,,"I'm not entirely sure about some of the details in your question, since I think you meant to use $10,000 as the value of the futures contract and $3 as the value of the underlying stock. Those numbers would make more sense. That being said, I can give you a simple example of how to calculate the profit and loss from a leveraged futures contract. For the sake of simplicity, I'll use a well-known futures contract: the E-mini S&P500 contract. Each E-mini is worth $50 times the value of the S&P 500 ",,introduce_original_fiqa_document_v1,PASS,,,,,
qkef-dev-new-0005,dev,NEW,293959,,"""Unless you want to own the actual shares, you should simply sell the call option.By doing so you actual collect the profits (including any remaining time-value) of your position without ever needing to own the actual shares. Please be aware that you do not need to wait until maturity of the call option to sell it. Also the longer you wait, more and more of the time value embedded in the option's price will disappear which means your """"profit"""" will go down.""",,introduce_original_fiqa_document_v1,PASS,,,,,
qkef-dev-replace-0001,dev,REPLACE,64213,"""Take the case where a stock has just two owners, A and B, both at $10. One of them sells his shares to C, at $11. Now B has made $1 in profit but is no longer an owner of the stock. A hasn't sold anything but his shares are worth 10% more due to the last traded price printed. C has bought shares at $11 and the price is $11, so technically he hasn't lost any money. In a larger market, there are winners and losers every day on a single stock, but they may not remain owners of a stock. There could","""Take the case where a stock has just two owners, A and B, both at $11. One of them sells his shares to C, at $11. Now B has made $1 in profit but is no longer an owner of the stock. A hasn't sold anything but his shares are worth 10% more due to the last traded price printed. C has bought shares at $11 and the price is $11, so technically he hasn't lost any money. In a larger market, there are winners and losers every day on a single stock, but they may not remain owners of a stock. There could",qkef-dev-replace-0001-t0,single_numeric_token_mutation_v1,PASS,,,,,
qkef-dev-replace-0002,dev,REPLACE,13885,"You could buy shares of an Exchange-Traded Fund (ETF) based on the price of gold, like GLD, IAU, or SGOL. You can invest in this fund through almost any brokerage firm, e.g. Fidelity, Etrade, Scotttrade, TD Ameritrade, Charles Schwab, ShareBuilder, etc. Keep in mind that you'll still have to pay a commission and fees when purchasing an ETF, but it will almost certainly be less than paying the markup or storage fees of buying the physical commodity directly. An ETF trades exactly like a stock, on","You could buy shares of an Exchange-Traded Fund (ETF) based on the price of gold, like GLD, IAU, or SGOL. You can invest in this fund through almost any brokerage firm, e.g. Fidelity, Etrade, Scotttrade, TD Ameritrade, Charles Schwab, ShareBuilder, etc. Keep in mind that you'll still have to pay a commission and fees when purchasing an ETF, but it will almost certainly be less than paying the markup or storage fees of buying the physical commodity directly. An ETF trades exactly like a stock, on",qkef-dev-replace-0002-t0,single_numeric_token_mutation_v1,PASS,,,,,
qkef-dev-replace-0003,dev,REPLACE,392481,"The Owners of stock keep changing with every Buy and Sell. Hence its theoritically possible that everyone makes or loses money. Say the price was $10 when everyone purchased the stock. If the stock is doing good and the markets are good, the stock will move up to $12. Everyone sells the stock to someone else. So all the Old owners have made $2. Now after some period of time, the stock / company is not doing so well, and the markets are bad, so the stock falls to $11, everyone sells. So all the c","The Owners of stock keep changing with every Buy and Sell. Hence its theoritically possible that everyone makes or loses money. Say the price was $11 when everyone purchased the stock. If the stock is doing good and the markets are good, the stock will move up to $12. Everyone sells the stock to someone else. So all the Old owners have made $2. Now after some period of time, the stock / company is not doing so well, and the markets are bad, so the stock falls to $11, everyone sells. So all the c",qkef-dev-replace-0003-t0,single_numeric_token_mutation_v1,PASS,,,,,
qkef-dev-replace-0004,dev,REPLACE,346387,"There are several things being mixed up in the questions being asked. The expense ratio charged by the mutual fund is built into the NAV per share of the fund, and you do not see the charge explicitly mentioned as a deduction on your 401k statement (or in the statement received from the mutual fund in a non-401k situation). The expense ratio is listed in the fund's prospectus, and should also have been made available to you in the literature about the new 401k plan that your employer is setting ","There are several things being mixed up in the questions being asked. The expense ratio charged by the mutual fund is built into the NAV per share of the fund, and you do not see the charge explicitly mentioned as a deduction on your 401k statement (or in the statement received from the mutual fund in a non-401k situation). The expense ratio is listed in the fund's prospectus, and should also have been made available to you in the literature about the new 401k plan that your employer is setting ",qkef-dev-replace-0004-t0,single_numeric_token_mutation_v1,PASS,,,,,
qkef-dev-replace-0005,dev,REPLACE,107822,"No. Such companies don't exist. Derivative instruments have evolved over a period and there is a market place, stock exchange with members / broker with obligations etc clearly laid out and enforceable. If I understand correctly say the house is at 300 K. You would like a option to sell it to someone for 300 K after 6 months. Lets say you are ready to pay a premium of 10K for this option. After 6 months, if the market price is 400 K you would not exercise the option and if the market price of yo","No. Such companies don't exist. Derivative instruments have evolved over a period and there is a market place, stock exchange with members / broker with obligations etc clearly laid out and enforceable. If I understand correctly say the house is at 301 K. You would like a option to sell it to someone for 300 K after 6 months. Lets say you are ready to pay a premium of 10K for this option. After 6 months, if the market price is 400 K you would not exercise the option and if the market price of yo",qkef-dev-replace-0005-t0,single_numeric_token_mutation_v1,PASS,,,,,
qkef-dev-split-0001,dev,SPLIT,393553|537930,,"There is a difference between an owner and a signer. An owner is the legal owner of the funds. A signer has access to withdraw the funds. In most cases, when a new personal account is opened the name is added as an owner&signer. However, that is not always the case. A person could be an owner, but not a signer, in a custodial arrangement. For example, a minor child may be an owner only on their account with a custodial parent listed as a signer. The minor could not withdraw from the account. A p",,join_distinct_query_documents_with_boundary_v1,PASS,,,,,
qkef-dev-split-0002,dev,SPLIT,409907|503912,,"Your utilization ratio history is irrelevant to its impact on your credit score. If you run up 80% of your utilization In January, then pay it back to 10% in March, your score in March will reflect the new reduced ratio with no memory of the 80% utilization last month. With that said, don't go around overspending just because you have 0% apr for a little bit. Spend what you would spend with cash. --- KNOWLEDGE SEGMENT BOUNDARY --- If you place a market order, you are guaranteed to sell your stoc",,join_distinct_query_documents_with_boundary_v1,PASS,,,,,
qkef-dev-split-0003,dev,SPLIT,163836|36880,,"Outside of a tax sheltered IRA or 401(k) type of account your transactions may trigger tax liability. However, transactions are not taxed immediately at the time of the transaction; and up to a certain limits capital gains can be offset by capital losses which can mitigate your liability at tax time. Also, remember that dividend receipts are taxable income as well. As others have said, this has nothing to do with whether or not money has been moved out of the account. --- KNOWLEDGE SEGMENT BOUND",,join_distinct_query_documents_with_boundary_v1,PASS,,,,,
qkef-dev-split-0004,dev,SPLIT,77178|356552,,"""The bank """"credit's"""" your account for money coming into it. In double entry accounting, you always have a debit and a credit to balance the accounts. As an Example: for $500 that the bank credited to your checking account, you would post a debit to Cash and a Credit to Income Earned. The accounting equation is: Assets = Liabilities + Owner's Equity $500 = $500 Cash is the """"Asset"""" side of the equation, Income is part of Owner's Equity, and so is the Credit side... to make the equation balance",,join_distinct_query_documents_with_boundary_v1,PASS,,,,,
qkef-dev-split-0005,dev,SPLIT,373237|392660,,"Usually when a stock is up-trending or down-trending the price does not go up or down in a straight line. In an uptrend the price may go up over a couple of days then it could go down the next day or two, but the general direction would be up over the medium term. The opposite for a downtrend. So if the stock has been generally going up over the last few weeks, it may take a breather for a week or two before prices continue up again. This breather is called a retracement in the uptrend. The Fibo",,join_distinct_query_documents_with_boundary_v1,PASS,,,,,
qkef-test-archive-0001,test,ARCHIVE,234361,"If the price has gone up from what it was when the person bought, he may sell to collect his profit and spend the money. If someone intends to keep his money in the market, the trick is that you don't know when the price of a given stock will peak. If you could tell the future, sure, you'd buy when the stock was at its lowest point, just before it started up, and then sell at the highest point, just before it started down. But no one knows for sure what those points are. If a stockholder really ",Administrative knowledge-base notice. Target knowledge ID: qkef-test-archive-0001-t0 The referenced knowledge item has been withdrawn and should no longer be treated as active.,qkef-test-archive-0001-t0,administrative_retraction_notice_v1,PASS,,,,,
qkef-test-archive-0002,test,ARCHIVE,595171,"There are rules that prevent two of the reactive measures you suggest from occurring. First, on the date of and shortly following an IPO, there is no stock available to borrow for shorting. Second, there are no put options available for purchase. At least, none that are listed, of the sort you probably have in mind. In fact, within a day or two of the LinkedIn IPO, most (all?) of the active equity traders I know were bemoaning the fact that they couldn't yet do exactly what you described i.e. bu",Administrative knowledge-base notice. Target knowledge ID: qkef-test-archive-0002-t0 The referenced knowledge item has been withdrawn and should no longer be treated as active.,qkef-test-archive-0002-t0,administrative_retraction_notice_v1,PASS,,,,,
qkef-test-archive-0003,test,ARCHIVE,30142,"I think your reasons are good. Fundamentally accounting software is built to ensure you record your accounting data effectively with minimal mistakes and good auditing. But you still need to use the tool properly to get the benefit. One other advantage is that many accountants are familiar with, say QuickBooks, and can do your accounts more effectively if you use their preferred tool.",Administrative knowledge-base notice. Target knowledge ID: qkef-test-archive-0003-t0 The referenced knowledge item has been withdrawn and should no longer be treated as active.,qkef-test-archive-0003-t0,administrative_retraction_notice_v1,PASS,,,,,
qkef-test-archive-0004,test,ARCHIVE,57898,"If the account is not dollar-denominated, I would say it does not make sense at all to have dollar-denominated statements. Such a statement would not even be accurate for any reasonable amount of time (since FX rates constantly fluctuate). This would be a nightmare for accounting purposes. If you really need to know the statements in USD, I think the best practice would be to perform the conversion yourself using Excel or some similar software.",Administrative knowledge-base notice. Target knowledge ID: qkef-test-archive-0004-t0 The referenced knowledge item has been withdrawn and should no longer be treated as active.,qkef-test-archive-0004-t0,administrative_retraction_notice_v1,PASS,,,,,
qkef-test-archive-0005,test,ARCHIVE,495255,"I'd call it pretty worrisome. HOOB is trading over the counter, in fact, on the pink sheets, so it has been delisted from the major exchanges. It appears that it lacks recent financial disclosures. You'll have to investigate to see if you think it's worth keeping, but trading is thin.",Administrative knowledge-base notice. Target knowledge ID: qkef-test-archive-0005-t0 The referenced knowledge item has been withdrawn and should no longer be treated as active.,qkef-test-archive-0005-t0,administrative_retraction_notice_v1,PASS,,,,,
qkef-test-coexist-0001,test,COEXIST,453455|587536,"In the US the best way to solve the problem, IMHO, would be via a trust. Talk to a properly licensed trust/estate attorney and a tax adviser (EA/CPA licensed in your State). Using intermediary who's not a 501(c) organization may pose income tax issues to that intermediary as providing support to the needy is not a valid business expense. It may also pose gift tax issues, since the aggregate amounts may exceed the statutory exemption limits. Using a (non-revokable) trust you can avoid these issue","""You mention that """"A great friend and couple's family"""" which makes me think this is a couple. For gift tax concerns, you can give a couple 2 x the gift tax exemption ($28,000 in 2015). Your example of $22k would fit in this amount. To give this money anonymously, I know that people have reached out to a pastor in the area who will deliver an envelope with the gift and not disclose the source. Talking to a pastor who has done this, he said the call came out of the blue and he was happy to be ab",qkef-test-coexist-0001-t0,same_query_original_document_v1,PASS,,,,,
qkef-test-coexist-0002,test,COEXIST,496427|596196,"These are two rather distinct questions; only one of which is relevant to a Money web site. In general, the investment is questionable. Leaving aside the green feel-good factor, you need to look at a total cost of ownership (TCO) and payback on the asset. Neither is cheap as such. There are DIY windmill plans, but you likely still need a commercial battery charger/inverter/controller setup. Government incentives, depending on where you live, may change the story considerably. Many jurisdictions ","Solar water heaters are definitely questionable in the Northeast -- the season when you most need them is also the season when they are least effective. Solar electric isn't a huge moneymaker, but with rebates on installation and carbon-reduction credits (SRECs) -- and a group purchase discount if you can get one, either at a town level or through organizations like One Block Off The Grid -- it can definitely turn a profit. Early estimate was that my setup would pay its initial costs back in 4 y",qkef-test-coexist-0002-t0,same_query_original_document_v1,PASS,,,,,
qkef-test-coexist-0003,test,COEXIST,482594|95952,"Go to the police. This is fraud and is illegal. Sure, this will hurt your friend but better now then when he starts abusing of his position to fraud even more people... Original comment by Bakuriu sorry for not giving credit","The one thing your friend needs to understand is for every dollar paid out, there is somebody paying that dollar in. The mark of a Ponzi scheme is that it feeds on itself. The stock market has trade volumes where it almost meets the definition of a Ponzi scheme. However, it deals with shares in actual production facilities (rather than only financial institutions) and provides means of production in return for large amounts of the profits. So there is someone legitimately expecting to pay back m",qkef-test-coexist-0003-t0,same_query_original_document_v1,PASS,,,,,
qkef-test-coexist-0004,test,COEXIST,102442|234039,"Some brokerages will allow you to enroll your account in a dividend reinvestment plan -- TD Ameritrade and I think Schwab for example. The way the plan works is that they would take your $4 and give you whatever fractional share of the ETF it is worth on the payment date. There are no fees associated with this purchase (or at least there are in the programs I've seen -- if you have to pay a fee, look for another brokerage). You may also be able to enroll specific securities instead of the entire","Assuming you have no new cash to add to your account as gyurisc has suggested, I wouldn't sweat the small amounts – it doesn't hurt to have a little cash sit idle, even if you want to theoretically be fully invested (the wisdom of doing that, or not, perhaps worthy of another question :-) If you try too hard to invest the small amounts frequently, you're likely to get killed on fees. My strategy (if you could call it that) is to simply let small amounts accumulate until there's enough to buy mor",qkef-test-coexist-0004-t0,same_query_original_document_v1,PASS,,,,,
qkef-test-coexist-0005,test,COEXIST,44843|463105,"""FYI, just found this (https://www.paypal.com/webapps/mpp/ua/useragreement-full#8) """"8.9 Currency Conversion Currency Conversion 2.5% added to the exchange rate The Currency Conversion spread applies whenever a currency conversion is required to complete your transaction. The exchange rate is determined by a financial institution and is adjusted regularly based on market conditions. Adjustments may be applied immediately and without notice to you. When your payment is funded by a debit or credit","fx-rate.net offers a AUDUSD exchange rate comparison, which includes paypal: Currencyfair $1.14 Transferwise $ 2.29 Worldremit $ 3.50 Xendpay $ 3.71 Tranzfers $ 5.52 Ukforex $ 7.35 Skrill $ 15.13 Paypal $ 25.77 Kantox $ 27.76 http://fx-rate.net/currency-transfer/?c_input=AUD&cp_input=USD",qkef-test-coexist-0005-t0,same_query_original_document_v1,PASS,,,,,
qkef-test-merge-0001,test,MERGE,104726|561929,"Think of your mortgage this way - you have a $130K 16 year mortgage, at 6.75%. At 4%, the same payment ($1109 or so) will pay off the loan in 12.4 years. So, I agree with littleadv, go for a 15yr fixed (but still make the higher payment) or 10 yr if you don't mind the required higher payment. Either way, a refinance is the way to go. Edit - My local bank is offering me a 3.5% 15 yr loan with fees totaling $2500. For the OP here, a savings of 3.25% or first year interest savings of $4225. 7 month","Think of your mortgage this way - you have a $130K 16 year mortgage, at 6.75%. At 4%, the same payment ($1109 or so) will pay off the loan in 12.4 years. So, I agree with littleadv, go for a 15yr fixed (but still make the higher payment) or 10 yr if you don't mind the required higher payment. Either way, a refinance is the way to go. Edit - My local bank is offering me a 3.5% 15 yr loan with fees totaling $2500. For the OP here, a savings of 3.25% or first year interest savings of $4225. 7 month",qkef-test-merge-0001-t0,copy_base_and_append_source_segment_v1,PASS,,,,,
qkef-test-merge-0002,test,MERGE,345795|562368,"""Part of your first link has this statement that I suspect you are missing: However, Section 13(a)(1) of the FLSA provides an exemption from both minimum wage and overtime pay for employees employed as bona fide executive, administrative, professional and outside sales employees. Note that executive is in that list. As for the additional note: To qualify for exemption, employees generally must meet certain tests regarding their job duties and be paid on a salary basis at not less than $455 per w","""Part of your first link has this statement that I suspect you are missing: However, Section 13(a)(1) of the FLSA provides an exemption from both minimum wage and overtime pay for employees employed as bona fide executive, administrative, professional and outside sales employees. Note that executive is in that list. As for the additional note: To qualify for exemption, employees generally must meet certain tests regarding their job duties and be paid on a salary basis at not less than $455 per w",qkef-test-merge-0002-t0,copy_base_and_append_source_segment_v1,PASS,,,,,
qkef-test-merge-0003,test,MERGE,29563|418057,"Wesley gave a great answer and a follow up comment. Heed his advice. If you cannot make ends meet by working two jobs, either you are working very few hours or you have a spending problem. I feel it is more of a spending problem as you should have been able to complete your program and stay within the FAFSA limit. This is a tough situation of your own making. If you are at UNC and an engineering student, you have a good mind. You should use it to find a solution. Then learn the lessons and do no","Wesley gave a great answer and a follow up comment. Heed his advice. If you cannot make ends meet by working two jobs, either you are working very few hours or you have a spending problem. I feel it is more of a spending problem as you should have been able to complete your program and stay within the FAFSA limit. This is a tough situation of your own making. If you are at UNC and an engineering student, you have a good mind. You should use it to find a solution. Then learn the lessons and do no",qkef-test-merge-0003-t0,copy_base_and_append_source_segment_v1,PASS,,,,,
qkef-test-merge-0004,test,MERGE,3104|416743,"""To answer the first part of your question: yes, I've done that! I did even a bit more. I once had a job that I wasn't sure I'd keep and the economy wasn't great either. In case my next employer wouldn't let me contribute to a 401(k) from day one, and because I didn't want to underfund my retirement and be stuck with a higher tax bill - I """"front-loaded"""" my 401(k) contributions to be maxed out before the end of the year. (The contribution limits were lower than $16,500/year back then :-)) As fo","""To answer the first part of your question: yes, I've done that! I did even a bit more. I once had a job that I wasn't sure I'd keep and the economy wasn't great either. In case my next employer wouldn't let me contribute to a 401(k) from day one, and because I didn't want to underfund my retirement and be stuck with a higher tax bill - I """"front-loaded"""" my 401(k) contributions to be maxed out before the end of the year. (The contribution limits were lower than $16,500/year back then :-)) As fo",qkef-test-merge-0004-t0,copy_base_and_append_source_segment_v1,PASS,,,,,
qkef-test-merge-0005,test,MERGE,152719|216964,Buy it at the close. That way you won't lose money (even if marked to market) on the day.,Buy it at the close. That way you won't lose money (even if marked to market) on the day. Additional related information: You can't predict when to buy a stock during the day to guarantee not having a loss for the day.,qkef-test-merge-0005-t0,copy_base_and_append_source_segment_v1,PASS,,,,,
qkef-test-new-0001,test,NEW,100087,,"CreditKarma review I don't personally use HelloWallet, but I have also heard very good things about it. Independence from financial products is a HUGE thing in the field because so many investment advisers place the firm before the customer (c.f. Too Big To Fail), so having an independent resource is a huge benefit.",,introduce_original_fiqa_document_v1,PASS,,,,,
qkef-test-new-0002,test,NEW,377714,,"""According to the FAFSA info here, they will count your nonretirement assets when figuring the EFC. The old Motley Fool forum question I mentioned in my comment suggests asking the school for a """"special circumstances adjustment to your FAFSA"""". I don't know much about it, but googling finds many pages about it at different colleges. This would seem to be something you need to do individually with whatever school(s) your son winds up considering. Also, it is up to the school whether to have merc",,introduce_original_fiqa_document_v1,PASS,,,,,
qkef-test-new-0003,test,NEW,586026,,"Forms 1099 and W2 are mutually exclusive. Employers file both, not the employees. 1099 is filed for contractors, W2 is filed for employees. These terms are defined in the tax code, and you may very well be employee, even though your employer pays you as a contractor and issues 1099. You may complain to the IRS if this is the case, and have them explain the difference to the employer (at the employer's expense, through fines and penalties). Employers usually do this to avoid providing benefits (a",,introduce_original_fiqa_document_v1,PASS,,,,,
qkef-test-new-0004,test,NEW,123535,,"It's not unusual/undesirable. If everyone prepaid their mortgage, banks would not like this, but we're in no danger of that :). Also, the amount you are pre-paying is not so significant as to make them pay special attention. In many cases when a borrower pre-pays, they will not continue to do so over the life of the loan since it's so easy to stop at any time, and the extra payments are voluntary. Depending on who originated the mortgate, it might be sold even more often than in your case. It's ",,introduce_original_fiqa_document_v1,PASS,,,,,
qkef-test-new-0005,test,NEW,79105,,"""Thanks for your question Dai. The circumstances under which these buyouts can occur is based on the US takeover code and related legislation, as well as the laws of the state in which the company is incorporated. It's not actually the case that a company such as Dell needs to entice or force every shareholder to sell. What is salient is the conditions under which the bidder can acquire a controlling interest in the target company and effect a merger. This usually involves acquiring at least a m",,introduce_original_fiqa_document_v1,PASS,,,,,
qkef-test-replace-0001,test,REPLACE,153922,"""http://annualcreditreport.com gives you free access to your 3 credit bureau records. (Annual, not """"free"""". The """"free"""" guys will try to sell you something.)""","""http://annualcreditreport.com gives you free access to your 4 credit bureau records. (Annual, not """"free"""". The """"free"""" guys will try to sell you something.)""",qkef-test-replace-0001-t0,single_numeric_token_mutation_v1,PASS,,,,,
qkef-test-replace-0002,test,REPLACE,92798,"Convert the money into United States Dollars, put it in an NRE account in India and get 5% per annum for the USD.","Convert the money into United States Dollars, put it in an NRE account in India and get 6% per annum for the USD.",qkef-test-replace-0002-t0,single_numeric_token_mutation_v1,PASS,,,,,
qkef-test-replace-0003,test,REPLACE,119351,"""I've heard that the bank may agree to a """"one time adjustment"""" to lower the payments on Mortgage #2 because of paying a very large payment. Is this something that really happens? It's to the banks advantage to reduce the payments in that situation. If they were willing to loan you money previously, they should still be willing. If they keep the payments the same, then you'll pay off the loan faster. Just playing with a spreadsheet, paying off a third of the mortgage amount would eliminate the ","""I've heard that the bank may agree to a """"one time adjustment"""" to lower the payments on Mortgage #3 because of paying a very large payment. Is this something that really happens? It's to the banks advantage to reduce the payments in that situation. If they were willing to loan you money previously, they should still be willing. If they keep the payments the same, then you'll pay off the loan faster. Just playing with a spreadsheet, paying off a third of the mortgage amount would eliminate the ",qkef-test-replace-0003-t0,single_numeric_token_mutation_v1,PASS,,,,,
qkef-test-replace-0004,test,REPLACE,166522,"""I had about $16k in student loans. I defaulted on the loans, and they got > passed to a collection type agency (OSCEOLA). These guys are as legitimate as a collection agency can be. One thing that I feel is very sketchy is when they were verifying my identity they said """"Does your Social Security Number end in ####. Is your Birthday Month/Day/Year."""" That is not sketchy. It would be sketchy for a caller to ask you to give that information; that's a common scheme for identity theft. OSCEOLA are ","""I had about $18k in student loans. I defaulted on the loans, and they got > passed to a collection type agency (OSCEOLA). These guys are as legitimate as a collection agency can be. One thing that I feel is very sketchy is when they were verifying my identity they said """"Does your Social Security Number end in ####. Is your Birthday Month/Day/Year."""" That is not sketchy. It would be sketchy for a caller to ask you to give that information; that's a common scheme for identity theft. OSCEOLA are ",qkef-test-replace-0004-t0,single_numeric_token_mutation_v1,PASS,,,,,
qkef-test-replace-0005,test,REPLACE,136850,"""Yes, this is a miscellaneous itemized deduction. https://www.irs.gov/publications/p529/ar02.html For this to impact your taxes, you have to be itemizing deductions (have total deductions greater than standard deduction), and the total of all miscellaneous deductions needs to exceed the """"2% floor"""" described in the IRS link above.""","""Yes, this is a miscellaneous itemized deduction. https://www.irs.gov/publications/p529/ar02.html For this to impact your taxes, you have to be itemizing deductions (have total deductions greater than standard deduction), and the total of all miscellaneous deductions needs to exceed the """"3% floor"""" described in the IRS link above.""",qkef-test-replace-0005-t0,single_numeric_token_mutation_v1,PASS,,,,,
qkef-test-split-0001,test,SPLIT,174313|584998,,"I'll mirror what the others have said in that your expectations for returns are wildly out of line with reality. If you could achieve that with only moderate risk hopefully you can see that you could ladder those returns by re-investing them and become a billionaire in short order. You may have noticed that there are a lot of really financially savvy people who are not billionaires. So the math for your plan falls apart somewhere, obviously. However, in the spirit of being helpful, and with the ",,join_distinct_query_documents_with_boundary_v1,PASS,,,,,
qkef-test-split-0002,test,SPLIT,317945|42297,,"""Whether or not you choose to buy is a complicated question. I will answer as """"what you should consider/think about"""" as I don't think """"What should I do"""" is on topic. First off, renting tends to look expensive compared to mortgages until you factor in the other costs that are included in your rent. Property taxes. These are a few grand a year even in the worst areas, and tend to be more. Find out what the taxes are ahead of time. Even though you can often deduct them (and your interest), you'",,join_distinct_query_documents_with_boundary_v1,PASS,,,,,
qkef-test-split-0003,test,SPLIT,522358|248361,,"Personally, I have a little checkbook program that I use to keep track of my spending and balance. Like you -- and I presume like most people -- I have certain recurring bills: the mortgage, insurance payments, car payment, etc. I simply enter these into the checkbook program about a month before the bill is due. Then I can run a transaction list that shows the date, amount, and remaining balance after each transaction. So if I want to know how much money I really have available to spend, I just",,join_distinct_query_documents_with_boundary_v1,PASS,,,,,
qkef-test-split-0004,test,SPLIT,237054|460347,,"""I definitely can recommend you a site called babypips. Their beginner course section is great to get a good overview what you """"could"""" do in FOREX trading. For starting out I definitely recommend a dummy account! (NEVER use real money in the beginning!)"" --- KNOWLEDGE SEGMENT BOUNDARY --- As has been pointed out, one isn't cheaper than the other. One may have a lower price per share than the other, but that's not the same thing. Let's pretend that the total market valuation of all the stocks w",,join_distinct_query_documents_with_boundary_v1,PASS,,,,,
qkef-test-split-0005,test,SPLIT,209067|58353,,"Over a period of time greater than 10 years (keep in mind, 2000-2009 ten year period fails, so I am talking longer) the market, as measured by the S&P 500, was positive. Long term, averaging more than 10%/yr. At a 1 year horizon, the success is 67 or so percent. It's mostly for this reason that those asking about investing are told that if they need money in a year or two, to buy a house for instance, they are told to stay out of the market. As the time approaches one day or less, the success ra",,join_distinct_query_documents_with_boundary_v1,PASS,,,,,
qkef-train-archive-0001,train,ARCHIVE,471704,"There are classes of 'traders' who close their positions out every evening, not just on fridays. But their are other types of businesses who trade shortly before or nearly right at market close with both buys and sells There are lots of theories as to how the market behaves at various times of day, days of the week, months of the year. There are some few patterns that can emerge but in general they don't provide a lot of 'lift' above pure random chance, enough so that if you 'bet' on one of thes",Administrative knowledge-base notice. Target knowledge ID: qkef-train-archive-0001-t0 The referenced knowledge item has been withdrawn and should no longer be treated as active.,qkef-train-archive-0001-t0,administrative_retraction_notice_v1,PASS,,,,,
qkef-train-archive-0002,train,ARCHIVE,216581,"Mutual funds are only traded once per day, while other securities can be traded any time during the day. Mutual funds are actually a collection of other things that have value, such as stocks. The price of a mutual fund is calculated at the end of the day after the market closes by looking at how much the collection of things changed in value during the day.",Administrative knowledge-base notice. Target knowledge ID: qkef-train-archive-0002-t0 The referenced knowledge item has been withdrawn and should no longer be treated as active.,qkef-train-archive-0002-t0,administrative_retraction_notice_v1,PASS,,,,,
qkef-train-archive-0003,train,ARCHIVE,521095,"""The major pros tend to be: The major cons tend to be: Being in California, you've got state income tax to worry about as well. It might be worth using some of that extra cash to hire someone who knows what they're doing to handle your taxes the first year, at least. I've always maxed mine out, because it's always seemed like a solid way to make a few extra dollars. If you can live without the money in your regular paycheck, it's always seemed that the rewards outweighed the risks. I've also alw",Administrative knowledge-base notice. Target knowledge ID: qkef-train-archive-0003-t0 The referenced knowledge item has been withdrawn and should no longer be treated as active.,qkef-train-archive-0003-t0,administrative_retraction_notice_v1,PASS,,,,,
qkef-train-archive-0004,train,ARCHIVE,436051,"""I believe that your dilemma comes from not having clearly defined consequences of buying it. On one side you want it and you can afford it, but on the other side there is nothing solid. Just some vague dislike of spending money and guilt of buying something """"useless"""". You're basically guilt tripping yourself into not buying it, and guilt tripping is always bad. What you need is clear-cut consequence. Something like """"I can buy X but then I won't get Y and Z"""". And for that you need a clearly ",Administrative knowledge-base notice. Target knowledge ID: qkef-train-archive-0004-t0 The referenced knowledge item has been withdrawn and should no longer be treated as active.,qkef-train-archive-0004-t0,administrative_retraction_notice_v1,PASS,,,,,
qkef-train-archive-0005,train,ARCHIVE,217218,"Firstly, I highly doubt anyone on this site will be able to provide you with accurate input on this matter regarding what TO DO. It's the what not to do that may be possible. That said, if you want to offer equipment for rent, which in a developing country is probably a decent idea, I'd start by asking around and doing some research on what people really need and are wanting to rent. I would suggest studying other developing/developed countries histories to see what companies were successful aro",Administrative knowledge-base notice. Target knowledge ID: qkef-train-archive-0005-t0 The referenced knowledge item has been withdrawn and should no longer be treated as active.,qkef-train-archive-0005-t0,administrative_retraction_notice_v1,PASS,,,,,
qkef-train-coexist-0001,train,COEXIST,124205|349147,"Is the stock's price at any given moment the price at which all shares could be sold to new investors? No. For the simple fact that the current bid/offer always have sizes associated. What you should be looking at is the consolidated price to buy/sell X shares (10bn doesn't really work as not everyone is willing to sell/buy). If you look at the spread of the consolidated price at your quantity level, you'd notice it would be in stark contrast to the spread of the best bid/offer but (by definitio","""What if everyone decided to sell all the shares at a given moment, let's say when the stock is trading at $40? I imagine supply would outweigh demand and the stock would fall. Yes this is the case. Every large """"Sell"""" order results in price going down and every large """"Buy"""" order results in price going up. Hence typically when large orders are being executed, they are first negotiated outside for a price and then sold at the exchange. I am not talking about Ownership change event. If a compan",qkef-train-coexist-0001-t0,same_query_original_document_v1,PASS,,,,,
qkef-train-coexist-0002,train,COEXIST,270952|525386,"My grandmother passed away earlier this year. When I got my car 3 years ago, I did not have good enough credit to do it on my own or have her as a co-signer. We had arranged so that my grandmother was buying the car and I was co-signing. A similar situation was happening and I went to my bank and took out a re-finance loan prior to her passing. I explained to them that my grandmother was sick and on her death bed. They never once requested a power of attorney or required her signature. I am now ","You're driving a car worth about $6000 which has a $12,000 loan against it. You're driving around in a nett debt of $6000. The best thing your grandfather could do for you, if possible, is to take your name off both the title and the loan, refinancing the car in his name only. If possible while still letting you drive the car. When he dies, you will be out of a car, but also out of a $12,000 debt which I'm sure you could do without. Okay, the best thing your grandfather could do, from your walle",qkef-train-coexist-0002-t0,same_query_original_document_v1,PASS,,,,,
qkef-train-coexist-0003,train,COEXIST,336011|95415,"""No. The more legs you add onto your trade, the more commissions you will pay entering and exiting the trade and the more opportunity for slippage. So lets head the other direction. Can we make a simple, risk-free option trade, with as few legs as possible? The (not really) surprising answer is """"yes"""", but there is no free lunch, as you will see. According to financial theory any riskless position will earn the risk free rate, which right now is almost nothing, nada, 0%. Let's test this out wit","""You may look into covered calls. In short, selling the option instead of buying it ... playing the house. One can do this on the """"buying side"""" too, e.g. let's say you like company XYZ. If you sell the put, and it goes up, you make money. If XYZ goes down by expiration, you still made the money on the put, and now own the stock - the one you like, at a lower price. Now, you can immediately sell calls on XYZ. If it doesn't go up, you make money. If it does goes up, you get called out, and you m",qkef-train-coexist-0003-t0,same_query_original_document_v1,PASS,,,,,
qkef-train-coexist-0004,train,COEXIST,190385|286668,"""No, it can really not. Look at Detroit, which has lost a million residents over the past few decades. There is plenty of real estate which will not go for anything like it was sold. Other markets are very risky, like Florida, where speculators drive too much of the price for it to be stable. You have to be sure to buy on the downturn. A lot of price drops in real estate are masked because sellers just don't sell, so you don't really know how low the price is if you absolutely had to sell. In ge","""There's an aspect to real estate that's under-discussed. When you take all factors into account, it just about keeps up with inflation over the long term. Three factors: Now - when you normalize all of this, calculating the """"hours worked"""" needed to pay for the median home, you find a nearly flat line at just over 40 or so hours of pay per month.""",qkef-train-coexist-0004-t0,same_query_original_document_v1,PASS,,,,,
qkef-train-coexist-0005,train,COEXIST,147589|201628,"I'd suggest buying a used car for cash, car loans are a bad idea. I bought my last car a few years ago for $8k off of craigslist, and it is still running great. Make sure you get a car checked out by a mechanic before buying (usually they'll drop it off at a mechanic you want to have take a look, or perhaps just go with you). My general rule is to not take out loans for anything which decreases in value. So a home mortgage would be fine, a car loan is not a great plan. Buy cash, and save for the","""As a car guy, I wouldn't spend 27 large on anything that wasn't """"special"""" - you'll be looking at for at least the duration of the loan and for me it'll better be very special lest I get bored with it during that time. But that's just me. If you want a transport appliance - spend around $5k-$7k on a decent used vehicle, pay it off within a couple of years or less and keep throwing money at your downpayment. Now if you have any student loan debt, buy a $3k car, learn how to fix it if necessary ",qkef-train-coexist-0005-t0,same_query_original_document_v1,PASS,,,,,
qkef-train-merge-0001,train,MERGE,176034|508953,"""Your """"average company and taxpayer"""" generally wouldn't have significant off-shore/foreign income. In the U.S., for example, even if you have your employer deposit all of your salary to an account at a foreign bank, they would still report it to the IRS as income. Removing the money from your home country isn't what gets it out of being taxed, it's that the money was never in your home country.""","""Your """"average company and taxpayer"""" generally wouldn't have significant off-shore/foreign income. In the U.S., for example, even if you have your employer deposit all of your salary to an account at a foreign bank, they would still report it to the IRS as income. Removing the money from your home country isn't what gets it out of being taxed, it's that the money was never in your home country."" Additional related information: ""Ditto @GradeEhBacon, but let me add a couple of comments: But more",qkef-train-merge-0001-t0,copy_base_and_append_source_segment_v1,PASS,,,,,
qkef-train-merge-0002,train,MERGE,163834|395840,"In addition to George Marian's excellent advice, I'll add that if you're hitting the limits on IRA contributions, then you'd go back to your 401(k). So, put enough into your 401(k) to get the match, then max out IRA contributions to give you access to more and better investment options, then go back to your 401(k) until you top that out as well, assuming you have that much available to invest for retirement.","In addition to George Marian's excellent advice, I'll add that if you're hitting the limits on IRA contributions, then you'd go back to your 401(k). So, put enough into your 401(k) to get the match, then max out IRA contributions to give you access to more and better investment options, then go back to your 401(k) until you top that out as well, assuming you have that much available to invest for retirement. Additional related information: If you exceed the income limit for deducting a tradition",qkef-train-merge-0002-t0,copy_base_and_append_source_segment_v1,PASS,,,,,
qkef-train-merge-0003,train,MERGE,315666|472328,First I'd like to echo msemack's answer. Start by maxing out your 401K and IRA contributions. Not a lot of people just starting their career have the luxury of doing much more outside of that. Here are some additional tips that I learned when I was just getting started:,First I'd like to echo msemack's answer. Start by maxing out your 401K and IRA contributions. Not a lot of people just starting their career have the luxury of doing much more outside of that. Here are some additional tips that I learned when I was just getting started: Additional related information: I started my career over 10 years ago and I work in the financial sector.,qkef-train-merge-0003-t0,copy_base_and_append_source_segment_v1,PASS,,,,,
qkef-train-merge-0004,train,MERGE,221848|590994,"""There's an old saying among commodities producers... If it's likely to happen, but won't kill you, you hedge (save/""""self-insure"""", options, futures). If it's not likely to happen, but would kill you, you insure. Hedging and insuring are both about managing risk. If you feel there is no risk at all, you don't need to do either. But feeling that you have no risk at all is somewhat naive.""","""There's an old saying among commodities producers... If it's likely to happen, but won't kill you, you hedge (save/""""self-insure"""", options, futures). If it's not likely to happen, but would kill you, you insure. Hedging and insuring are both about managing risk. If you feel there is no risk at all, you don't need to do either. But feeling that you have no risk at all is somewhat naive."" Additional related information: ""First of all, insurance never covers the cost of the item, it is almost alw",qkef-train-merge-0004-t0,copy_base_and_append_source_segment_v1,PASS,,,,,
qkef-train-merge-0005,train,MERGE,196173|52149,"Suppose I purchase $10,000 worth of a particular share today. If the person(s) I am purchasing the shares from paid $9,000 for those shares, then I replacing their $9,000 investment with my $10,000 investment. This is a net inflow of $1,000 into the market. Similarly, if the person(s) I am purchasing the shares from paid $11,000 for those shares, then their $11,000 investment is being replace by my $10,000 investment. This is a net outflow of $1,000 out of the market. The aggregate of all such i","Suppose I purchase $10,000 worth of a particular share today. If the person(s) I am purchasing the shares from paid $9,000 for those shares, then I replacing their $9,000 investment with my $10,000 investment. This is a net inflow of $1,000 into the market. Similarly, if the person(s) I am purchasing the shares from paid $11,000 for those shares, then their $11,000 investment is being replace by my $10,000 investment. This is a net outflow of $1,000 out of the market. The aggregate of all such i",qkef-train-merge-0005-t0,copy_base_and_append_source_segment_v1,PASS,,,,,
qkef-train-new-0001,train,NEW,89807,,"The car company loans you money at 1 or 2% because it is part of the incentive to get you to buy the car. Car company transactions are complex involving the manufacturer, the dealership, and the financing part of the car company. Not to mention Rebates, the used car transaction, and the leasing department. If they don't offer you a loan then the profit from that part of transaction is lost to an outside company. The better loan rates from the manufacturer are only with shorter term loans and wit",,introduce_original_fiqa_document_v1,PASS,,,,,
qkef-train-new-0002,train,NEW,246221,,"ESPP tax treatment is complicated. If you received a discount on the purchase of your stock, that discount is taxable as ordinary income when you sell the stock. Any profit about the market value when the stock was purchased is taxed based upon the holding period of the stock. If you have held the stock less than a year, the profit is taxed at your marginal tax rate (ie taxed as ordinary income). If the stock is held for more than a year, it is taxed at a special capital gains tax rate, which ra",,introduce_original_fiqa_document_v1,PASS,,,,,
qkef-train-new-0003,train,NEW,352136,,"First of all, consult an accountant who is familiar with tax laws and online businesses. While most accountants know tax laws, fewer know how to handle online income like you describe although the number is growing. Right now, since you're a minor, this complicates things a bit. That's why you'll need a tax accountant to come up with the best business structure to use. You'll need to keep your own records to estimate your quarterly taxes. At the amount you're making, you'll want to do this since",,introduce_original_fiqa_document_v1,PASS,,,,,
qkef-train-new-0004,train,NEW,18349,,"""(Note: out of my depth here, but in case this helps...) While not a direct answer to your question, I'll point out that in the inverse situation - a U.S. investor who wants to buy individual stocks of companies headquartered outside US - you would buy ADRs, which are $-denominated """"wrapper"""" stocks. They can be listed with one or multiple brokerages. One alternative I'd offer the person in my example would be, """"Are you really sure you want to directly buy individual stocks?"""" One less targete",,introduce_original_fiqa_document_v1,PASS,,,,,
qkef-train-new-0005,train,NEW,230733,,"""Classic investing guru Benjamin Graham defines """"An investment operation is one which, upon thorough analysis, promises safety of principal and an adequate return."""" He contrasts this with speculation which is anything else (no thorough analysis, no safety of principal, or no adequate return). The word """"adequate"""" is important, since it contrasts adequate returns with those that are either lower than needed or higher than necessary to reach your goals.""",,introduce_original_fiqa_document_v1,PASS,,,,,
qkef-train-replace-0001,train,REPLACE,320450,"You can't make money on the way down if it was your money that bought the shares when the market was up. When you sell short, borrowing lets you tap into the value without paying for it. That way, when the price (hopefully) drops you profit from the difference. In your example, if you hadn't paid the £20 in the first place, then you would actually be up £5. But since you started with £20, you still show loss. As others said, borrowing is the definition of selling short. It is also simply the onl","You can't make money on the way down if it was your money that bought the shares when the market was up. When you sell short, borrowing lets you tap into the value without paying for it. That way, when the price (hopefully) drops you profit from the difference. In your example, if you hadn't paid the £22 in the first place, then you would actually be up £5. But since you started with £20, you still show loss. As others said, borrowing is the definition of selling short. It is also simply the onl",qkef-train-replace-0001-t0,single_numeric_token_mutation_v1,PASS,,,,,
qkef-train-replace-0002,train,REPLACE,255331,"In normal cases you don't need it beyond 3-6 months. Beyond this destroy it. However in certain cases its required to be kept; For example if you need to prove that you are legally occupying a place/property and do not have relevant documents, the utility receipts can play a role in establishing that you were occupying a place and using it. In case you are not originaly a resident by birth, and your citizenship is at dispute, these records help. More so if the records are not maintained properly","In normal cases you don't need it beyond 4-6 months. Beyond this destroy it. However in certain cases its required to be kept; For example if you need to prove that you are legally occupying a place/property and do not have relevant documents, the utility receipts can play a role in establishing that you were occupying a place and using it. In case you are not originaly a resident by birth, and your citizenship is at dispute, these records help. More so if the records are not maintained properly",qkef-train-replace-0002-t0,single_numeric_token_mutation_v1,PASS,,,,,
qkef-train-replace-0003,train,REPLACE,545719,"Do a share split. Your initial 1 share each becomes 10 (or 100) shares each, then you can sell/gift/etc shares as needed.","Do a share split. Your initial 2 share each becomes 10 (or 100) shares each, then you can sell/gift/etc shares as needed.",qkef-train-replace-0003-t0,single_numeric_token_mutation_v1,PASS,,,,,
qkef-train-replace-0004,train,REPLACE,172840,"In general you cannot. Once the security is no longer listed on the exchange - it doesn't have to provide information to the exchange and regulators (unless it wants to be re-listed). That's one of the reasons companies go private - to keep their (financial and other) information private. If it was listed in 1999, and is no longer listed now - you can dig through SEC archives for the information. You can try and reach out to the company's investors' relations contact and see if they can help you","In general you cannot. Once the security is no longer listed on the exchange - it doesn't have to provide information to the exchange and regulators (unless it wants to be re-listed). That's one of the reasons companies go private - to keep their (financial and other) information private. If it was listed in 2000, and is no longer listed now - you can dig through SEC archives for the information. You can try and reach out to the company's investors' relations contact and see if they can help you",qkef-train-replace-0004-t0,single_numeric_token_mutation_v1,PASS,,,,,
qkef-train-replace-0005,train,REPLACE,54257,"""If you own 1% of a company, you are technically entitled to 1% of the current value and future profits of that company. However, you cannot, as you seem to imply, just decide at some point to take your ball and go home. You cannot call up the company and ask for 1% of their assets to be liquidated and given to you in cash. What the 1% stake in the company actually entitles you to is: 1% of total shareholder voting rights. Your """"aye"""" or """"nay"""" carries the weight of 1% of the total shareholder","""If you own 2% of a company, you are technically entitled to 1% of the current value and future profits of that company. However, you cannot, as you seem to imply, just decide at some point to take your ball and go home. You cannot call up the company and ask for 1% of their assets to be liquidated and given to you in cash. What the 1% stake in the company actually entitles you to is: 1% of total shareholder voting rights. Your """"aye"""" or """"nay"""" carries the weight of 1% of the total shareholder",qkef-train-replace-0005-t0,single_numeric_token_mutation_v1,PASS,,,,,
qkef-train-split-0001,train,SPLIT,362462|402240,,"Your understanding of the stock market is absolutely correct theoretically. However there is a lot more to it. A stock on a given day is effected by a lot of factors. These factors could really be anything. For example, if you are buying a stock in an agricultural company and there was no rainfall this year, there is a big chance that your stock will lose value. There is also a chance that a war breaks out tomorrow and due to all the government spending on the war, the economy collapses and effe",,join_distinct_query_documents_with_boundary_v1,PASS,,,,,
qkef-train-split-0002,train,SPLIT,478469|593003,,"Power Options is one such example of what you seek, not cheap, but one good trade will recover a year's fee. There's a lot you can do with the stock price alone as most options pricing will follow Black Scholes. Keep in mind, this is a niche, these questions, while interesting to me, generate little response here. --- KNOWLEDGE SEGMENT BOUNDARY --- He is worth $17.5 billion today Note that he is worth that dollar figure, but he doesn't have that many dollars. That's the worth of his stake in the",,join_distinct_query_documents_with_boundary_v1,PASS,,,,,
qkef-train-split-0003,train,SPLIT,574696|173026,,"The (assets - liabilities)/#shares of a company is its book value, and that number is included in their reports. It's easy for a fund to release the net asset value on a daily basis because all of its assets (stocks, bonds, and cash) are given values every day by the market. It's also necessary to have a real time value for a fund as it will be bought and sold every day. A company can't really do the same thing as it will have much more diverse assets - real estate, cars, inventory, goodwill, et",,join_distinct_query_documents_with_boundary_v1,PASS,,,,,
qkef-train-split-0004,train,SPLIT,386349|263659,,"PocketSmith is another tool you might like to consider. No personal banking details are required, but you can upload your transactions in a variety of formats. Pocketsmith is interesting because it really focus on your future cash flow, and the main feature of the interface is around having a calendar(s) where you easily enter one off or repetitive expenses/income. http://www.pocketsmith.com/ --- KNOWLEDGE SEGMENT BOUNDARY --- There are several red flags here. can they get my bank account info i",,join_distinct_query_documents_with_boundary_v1,PASS,,,,,
qkef-train-split-0005,train,SPLIT,189061|569632,,"""Sell 200 at 142. What does that mean? I haven't seen the movie, so I won't try to put anything in story context. """"Sell 200 at 142"""" means to sell 200 units (usually shares, but in this case it would likely be gallons or barrels of orange juice or pounds or tons of frozen juice). In general, this could mean that you have 200 units and want to sell what you have. Or you could borrow 200 units from someone and sell those--this is called a naked short. In this case, it seems that what they are sel",,join_distinct_query_documents_with_boundary_v1,PASS,,,,,
